data/cropped_nifti_suv/00045_pet.nii.gz	0.0	4.36746072769165
data/cropped_nifti_suv/00078_pet.nii.gz	0.0	4.484182834625244
data/cropped_nifti_suv/00275_pet.nii.gz	0.0	102.35717010498047
data/cropped_nifti_suv/00410_pet.nii.gz	0.0	10.463619232177734
data/cropped_nifti_suv/00460_pet.nii.gz	0.018417948856949806	28.940738677978516
data/cropped_nifti_suv/00525_pet.nii.gz	0.0	7.166571140289307
data/cropped_nifti_suv/00537_pet.nii.gz	0.0031642878893762827	17.770639419555664
data/cropped_nifti_suv/00595_pet.nii.gz	0.0	19.178863525390625
data/cropped_nifti_suv/00623_pet.nii.gz	0.02263866551220417	74.18012237548828
data/cropped_nifti_suv/00635_pet.nii.gz	0.0	14.400248527526855
data/cropped_nifti_suv/00652_pet.nii.gz	0.0	32.815608978271484
data/cropped_nifti_suv/00827_pet.nii.gz	0.0	24.828189849853516
data/cropped_nifti_suv/00854_pet.nii.gz	0.0	10.142918586730957
data/cropped_nifti_suv/00871_pet.nii.gz	0.0	25.88829803466797
data/cropped_nifti_suv/00880_pet.nii.gz	0.0004547798598650843	9.449935913085938
data/cropped_nifti_suv/00881_pet.nii.gz	0.0	24.10370635986328
data/cropped_nifti_suv/01017_pet.nii.gz	0.0	28.548036575317383
data/cropped_nifti_suv/01035_pet.nii.gz	0.00036596308927983046	8.608777046203613
data/cropped_nifti_suv/01133_pet.nii.gz	0.0	4.3638458251953125
data/cropped_nifti_suv/01153_pet.nii.gz	0.03879885748028755	13.443803787231445
data/cropped_nifti_suv/01237_pet.nii.gz	0.0028277216479182243	26.884958267211914
data/cropped_nifti_suv/01281_pet.nii.gz	0.0	34.45655822753906
data/cropped_nifti_suv/01355_pet.nii.gz	0.0	102.41368103027344
data/cropped_nifti_suv/01369_pet.nii.gz	0.0	38.62074661254883
data/cropped_nifti_suv/01550_pet.nii.gz	0.0	18.758390426635742
data/cropped_nifti_suv/01561_pet.nii.gz	0.0	16.315725326538086
data/cropped_nifti_suv/01583_pet.nii.gz	0.0	53.830257415771484
data/cropped_nifti_suv/01612_pet.nii.gz	0.0	3.6026878356933594
data/cropped_nifti_suv/01626_pet.nii.gz	0.0	39.34991455078125
data/cropped_nifti_suv/01713_pet.nii.gz	7.980475493241102e-05	18.971525192260742
data/cropped_nifti_suv/01744_pet.nii.gz	0.0	17.968650817871094
data/cropped_nifti_suv/01804_pet.nii.gz	0.01505974493920803	7.991364002227783
data/cropped_nifti_suv/01840_pet.nii.gz	0.0	35.271114349365234
data/cropped_nifti_suv/01947_pet.nii.gz	0.0	206.74362182617188
data/cropped_nifti_suv/02012_pet.nii.gz	0.0	10.502518653869629
data/cropped_nifti_suv/02206_pet.nii.gz	0.0	24.03380012512207
data/cropped_nifti_suv/02277_pet.nii.gz	0.0	29.226097106933594
data/cropped_nifti_suv/02311_pet.nii.gz	0.0	7.778918266296387
data/cropped_nifti_suv/02521_pet.nii.gz	0.0	11.560199737548828
data/cropped_nifti_suv/02523_pet.nii.gz	0.00010584737901808694	25.139963150024414
data/cropped_nifti_suv/02544_pet.nii.gz	0.0	13.468786239624023
data/cropped_nifti_suv/02600_pet.nii.gz	0.0	20.18528175354004
data/cropped_nifti_suv/02798_pet.nii.gz	0.0	6.711040496826172
data/cropped_nifti_suv/02915_pet.nii.gz	0.0	9.431344032287598
data/cropped_nifti_suv/03124_pet.nii.gz	0.0	47.4303092956543
data/cropped_nifti_suv/03298_pet.nii.gz	0.014264187775552273	43.09198760986328
data/cropped_nifti_suv/03390_pet.nii.gz	0.0	6.724782466888428
data/cropped_nifti_suv/03536_pet.nii.gz	0.0	7.019528388977051
data/cropped_nifti_suv/03567_pet.nii.gz	0.0	5.414615154266357
data/cropped_nifti_suv/03814_pet.nii.gz	0.0	21.39846420288086
data/cropped_nifti_suv/03834_pet.nii.gz	0.0	8.625945091247559
data/cropped_nifti_suv/03851_pet.nii.gz	0.0	93.67046356201172
data/cropped_nifti_suv/03866_pet.nii.gz	0.0	44.69234848022461
data/cropped_nifti_suv/03894_pet.nii.gz	0.0	27.06163787841797
data/cropped_nifti_suv/03943_pet.nii.gz	0.0	45.38928985595703
data/cropped_nifti_suv/03955_pet.nii.gz	0.0	28.05338478088379
data/cropped_nifti_suv/03968_pet.nii.gz	0.0007488440605811775	13.45849895477295
data/cropped_nifti_suv/04058_pet.nii.gz	3.670637306640856e-05	9.587501525878906
data/cropped_nifti_suv/04212_pet.nii.gz	0.0	8.156341552734375
data/cropped_nifti_suv/04406_pet.nii.gz	0.00017379333439748734	10.237467765808105
data/cropped_nifti_suv/04440_pet.nii.gz	0.0	54.608665466308594
data/cropped_nifti_suv/04447_pet.nii.gz	0.0	10.439417839050293
data/cropped_nifti_suv/04470_pet.nii.gz	0.032577961683273315	6.548170566558838
data/cropped_nifti_suv/04696_pet.nii.gz	0.0	38.37992477416992
data/cropped_nifti_suv/04709_pet.nii.gz	0.00687011145055294	20.036212921142578
data/cropped_nifti_suv/04862_pet.nii.gz	0.04217083752155304	39.41166305541992
data/cropped_nifti_suv/05013_pet.nii.gz	0.0	21.749258041381836
data/cropped_nifti_suv/05133_pet.nii.gz	0.0	51.19121170043945
data/cropped_nifti_suv/05150_pet.nii.gz	6.850784848211333e-05	15.680098533630371
data/cropped_nifti_suv/05228_pet.nii.gz	0.03828868642449379	57.22962188720703
data/cropped_nifti_suv/05422_pet.nii.gz	0.0	15.30300235748291
data/cropped_nifti_suv/05477_pet.nii.gz	0.0	15.925923347473145
data/cropped_nifti_suv/05560_pet.nii.gz	0.0	34.126853942871094
data/cropped_nifti_suv/05588_pet.nii.gz	0.006802483927458525	17.745412826538086
data/cropped_nifti_suv/05602_pet.nii.gz	0.0	4.2570600509643555
data/cropped_nifti_suv/05759_pet.nii.gz	0.006998063996434212	5.670180797576904
data/cropped_nifti_suv/05978_pet.nii.gz	0.0037631867453455925	60.58918380737305
data/cropped_nifti_suv/06052_pet.nii.gz	0.0	35.08909225463867
data/cropped_nifti_suv/06077_pet.nii.gz	0.0	15.966897010803223
data/cropped_nifti_suv/06138_pet.nii.gz	0.0	25.25210189819336
data/cropped_nifti_suv/06196_pet.nii.gz	0.004757504444569349	15.66945743560791
data/cropped_nifti_suv/06202_pet.nii.gz	0.0	5.408653736114502
data/cropped_nifti_suv/06245_pet.nii.gz	0.0004276341642253101	6.415059566497803
data/cropped_nifti_suv/06275_pet.nii.gz	0.0	22.76000213623047
data/cropped_nifti_suv/06281_pet.nii.gz	0.0	44.87136459350586
data/cropped_nifti_suv/06363_pet.nii.gz	0.0	27.464157104492188
data/cropped_nifti_suv/06506_pet.nii.gz	0.0	21.703519821166992
data/cropped_nifti_suv/06522_pet.nii.gz	0.04005218669772148	9.432862281799316
data/cropped_nifti_suv/06523_pet.nii.gz	0.0	33.686771392822266
data/cropped_nifti_suv/06554_pet.nii.gz	0.0	7.306010723114014
data/cropped_nifti_suv/06559_pet.nii.gz	0.0	5.466347694396973
data/cropped_nifti_suv/06608_pet.nii.gz	0.0	4.654179573059082
data/cropped_nifti_suv/06650_pet.nii.gz	0.0018275253241881728	20.28278923034668
data/cropped_nifti_suv/06739_pet.nii.gz	0.0	69.58692169189453
data/cropped_nifti_suv/06827_pet.nii.gz	0.0	36.95490264892578
data/cropped_nifti_suv/07038_pet.nii.gz	0.010841676965355873	70.71592712402344
data/cropped_nifti_suv/07074_pet.nii.gz	0.0	54.678245544433594
data/cropped_nifti_suv/07124_pet.nii.gz	0.0	33.18484878540039
data/cropped_nifti_suv/07153_pet.nii.gz	0.0	8.706303596496582
data/cropped_nifti_suv/07202_pet.nii.gz	0.0	36.322593688964844
data/cropped_nifti_suv/07231_pet.nii.gz	0.0	76.2452163696289
data/cropped_nifti_suv/07253_pet.nii.gz	0.0	8.865062713623047
data/cropped_nifti_suv/07324_pet.nii.gz	0.0	6.984421730041504
data/cropped_nifti_suv/07336_pet.nii.gz	0.0	8.182537078857422
data/cropped_nifti_suv/07511_pet.nii.gz	0.0	13.754820823669434
data/cropped_nifti_suv/07515_pet.nii.gz	0.0010384188499301672	16.23310661315918
data/cropped_nifti_suv/07571_pet.nii.gz	0.0	48.72932815551758
data/cropped_nifti_suv/07768_pet.nii.gz	0.0030887650791555643	0.6486406922340393
data/cropped_nifti_suv/07958_pet.nii.gz	0.0	7.611860275268555
data/cropped_nifti_suv/08041_pet.nii.gz	0.0	47.910919189453125
data/cropped_nifti_suv/08074_pet.nii.gz	0.0	8.148008346557617
data/cropped_nifti_suv/08133_pet.nii.gz	0.021454356610774994	32.134029388427734
data/cropped_nifti_suv/08139_pet.nii.gz	0.0	13.842065811157227
data/cropped_nifti_suv/08210_pet.nii.gz	0.0	55.797943115234375
data/cropped_nifti_suv/08546_pet.nii.gz	0.0	15.92580795288086
data/cropped_nifti_suv/08698_pet.nii.gz	0.0	5.026810646057129
data/cropped_nifti_suv/08745_pet.nii.gz	4.301236549508758e-05	10.069464683532715
data/cropped_nifti_suv/08909_pet.nii.gz	0.0	11.869670867919922
data/cropped_nifti_suv/08950_pet.nii.gz	0.000181601382791996	35.88981628417969
data/cropped_nifti_suv/09064_pet.nii.gz	0.0	6.749126434326172
data/cropped_nifti_suv/09154_pet.nii.gz	0.0	28.081960678100586
data/cropped_nifti_suv/09324_pet.nii.gz	0.0	61.77037811279297
data/cropped_nifti_suv/09600_pet.nii.gz	0.0	48.1535530090332
data/cropped_nifti_suv/09722_pet.nii.gz	0.0	185.044921875
data/cropped_nifti_suv/09817_pet.nii.gz	0.0	19.42393684387207
data/cropped_nifti_suv/09864_pet.nii.gz	0.0	8.251142501831055
data/cropped_nifti_suv/10066_pet.nii.gz	0.0	23.538190841674805
data/cropped_nifti_suv/10209_pet.nii.gz	0.0	16.749391555786133
data/cropped_nifti_suv/10251_pet.nii.gz	0.0	8.66781997680664
data/cropped_nifti_suv/10291_pet.nii.gz	0.0	7.617307662963867
data/cropped_nifti_suv/10309_pet.nii.gz	4.1176073864335194e-05	6.360324859619141
data/cropped_nifti_suv/10325_pet.nii.gz	0.0	14.84515380859375
data/cropped_nifti_suv/10337_pet.nii.gz	0.0	6.926608085632324
data/cropped_nifti_suv/10342_pet.nii.gz	9.431085345568135e-05	14.555057525634766
data/cropped_nifti_suv/10346_pet.nii.gz	0.0	22.177410125732422
data/cropped_nifti_suv/10358_pet.nii.gz	0.0	40.40928268432617
data/cropped_nifti_suv/10423_pet.nii.gz	8.500551484758034e-05	28.454057693481445
data/cropped_nifti_suv/10575_pet.nii.gz	0.0	19.461116790771484
data/cropped_nifti_suv/10660_pet.nii.gz	0.0	135.472900390625
data/cropped_nifti_suv/10714_pet.nii.gz	0.001511510112322867	20.021461486816406
data/cropped_nifti_suv/10724_pet.nii.gz	0.0	38.61030578613281
data/cropped_nifti_suv/10740_pet.nii.gz	0.0	80.41407012939453
data/cropped_nifti_suv/10888_pet.nii.gz	0.0	28.351091384887695
data/cropped_nifti_suv/10954_pet.nii.gz	0.0	5.976433753967285
data/cropped_nifti_suv/11030_pet.nii.gz	0.0191532913595438	62.75959014892578
data/cropped_nifti_suv/11053_pet.nii.gz	0.0	17.952669143676758
data/cropped_nifti_suv/11207_pet.nii.gz	0.0	6.5869574546813965
data/cropped_nifti_suv/11321_pet.nii.gz	0.0	4.027428150177002
data/cropped_nifti_suv/11347_pet.nii.gz	0.0	5.4860711097717285
data/cropped_nifti_suv/11355_pet.nii.gz	0.0	21.58378791809082
data/cropped_nifti_suv/11524_pet.nii.gz	0.0	77.41866302490234
data/cropped_nifti_suv/11556_pet.nii.gz	3.3639531466178596e-05	11.772929191589355
data/cropped_nifti_suv/11569_pet.nii.gz	0.0	69.48566436767578
data/cropped_nifti_suv/11679_pet.nii.gz	5.975545718683861e-05	12.237565994262695
data/cropped_nifti_suv/11783_pet.nii.gz	0.0	10.33319091796875
data/cropped_nifti_suv/11878_pet.nii.gz	0.0	18.146268844604492
data/cropped_nifti_suv/11900_pet.nii.gz	0.0	16.0114688873291
data/cropped_nifti_suv/11990_pet.nii.gz	0.0	5.589203834533691
data/cropped_nifti_suv/12094_pet.nii.gz	0.0	38.25828552246094
data/cropped_nifti_suv/12186_pet.nii.gz	0.0	5.080315589904785
data/cropped_nifti_suv/12224_pet.nii.gz	0.0	13.304950714111328
data/cropped_nifti_suv/12314_pet.nii.gz	0.0	19.427230834960938
data/cropped_nifti_suv/12319_pet.nii.gz	0.0	25.442079544067383
data/cropped_nifti_suv/12373_pet.nii.gz	0.0	12.871125221252441
data/cropped_nifti_suv/12394_pet.nii.gz	0.0	59.415496826171875
data/cropped_nifti_suv/12434_pet.nii.gz	0.0	60.23906326293945
data/cropped_nifti_suv/12614_pet.nii.gz	0.00017899424710776657	7.974010944366455
data/cropped_nifti_suv/12732_pet.nii.gz	0.0	59.507659912109375
data/cropped_nifti_suv/12853_pet.nii.gz	0.00039378239307552576	15.111278533935547
data/cropped_nifti_suv/12876_pet.nii.gz	0.0	5.242435932159424
data/cropped_nifti_suv/12950_pet.nii.gz	0.0009162168717011809	8.068360328674316
data/cropped_nifti_suv/13019_pet.nii.gz	0.0	100.47452545166016
data/cropped_nifti_suv/13056_pet.nii.gz	0.0	5.353682518005371
data/cropped_nifti_suv/13157_pet.nii.gz	0.0	12.320914268493652
data/cropped_nifti_suv/13195_pet.nii.gz	0.0	7.765563488006592
data/cropped_nifti_suv/13201_pet.nii.gz	0.0003329892933834344	6.8214545249938965
data/cropped_nifti_suv/13358_pet.nii.gz	0.0	10.42359733581543
data/cropped_nifti_suv/13362_pet.nii.gz	0.0	7.169153213500977
data/cropped_nifti_suv/13369_pet.nii.gz	0.0	6.423648834228516
data/cropped_nifti_suv/13425_pet.nii.gz	0.017928168177604675	6.917710781097412
data/cropped_nifti_suv/13455_pet.nii.gz	0.0055327871814370155	6.7085041999816895
data/cropped_nifti_suv/13537_pet.nii.gz	0.0	6.262690544128418
data/cropped_nifti_suv/13553_pet.nii.gz	0.0	12.93227767944336
data/cropped_nifti_suv/13657_pet.nii.gz	0.0	40.489017486572266
data/cropped_nifti_suv/13664_pet.nii.gz	0.0	24.064958572387695
data/cropped_nifti_suv/13672_pet.nii.gz	0.0026567932218313217	9.497715950012207
data/cropped_nifti_suv/13792_pet.nii.gz	0.0	58.55854415893555
data/cropped_nifti_suv/13908_pet.nii.gz	0.0	10.094286918640137
data/cropped_nifti_suv/14083_pet.nii.gz	0.0	41.140621185302734
data/cropped_nifti_suv/14113_pet.nii.gz	0.0	19.77943229675293
data/cropped_nifti_suv/14347_pet.nii.gz	0.0	14.722627639770508
data/cropped_nifti_suv/14387_pet.nii.gz	0.0	6.789124488830566
data/cropped_nifti_suv/14407_pet.nii.gz	0.0	7.31719970703125
data/cropped_nifti_suv/14565_pet.nii.gz	0.0	10.99355697631836
data/cropped_nifti_suv/14639_pet.nii.gz	0.0	13.280570983886719
data/cropped_nifti_suv/14642_pet.nii.gz	0.0	10.693940162658691
data/cropped_nifti_suv/15011_pet.nii.gz	0.0	9.885162353515625
data/cropped_nifti_suv/15044_pet.nii.gz	0.0	51.761962890625
data/cropped_nifti_suv/15162_pet.nii.gz	0.0	6.177391052246094
data/cropped_nifti_suv/15188_pet.nii.gz	0.0	46.14723205566406
data/cropped_nifti_suv/15204_pet.nii.gz	0.0	5.3734846115112305
data/cropped_nifti_suv/15261_pet.nii.gz	0.0	16.869487762451172
data/cropped_nifti_suv/15326_pet.nii.gz	0.0006451236549764872	11.526860237121582
data/cropped_nifti_suv/15508_pet.nii.gz	0.0	14.583361625671387
data/cropped_nifti_suv/15601_pet.nii.gz	0.00875878892838955	17.097156524658203
data/cropped_nifti_suv/15609_pet.nii.gz	0.023705676198005676	6.366158962249756
data/cropped_nifti_suv/15631_pet.nii.gz	0.0	82.95944213867188
data/cropped_nifti_suv/15724_pet.nii.gz	0.0008340072236023843	9.799874305725098
data/cropped_nifti_suv/15747_pet.nii.gz	0.0	8.710978507995605
data/cropped_nifti_suv/15864_pet.nii.gz	0.0	6.159489154815674
data/cropped_nifti_suv/15967_pet.nii.gz	0.0	7.289226531982422
data/cropped_nifti_suv/15978_pet.nii.gz	0.0	8.336936950683594
data/cropped_nifti_suv/16056_pet.nii.gz	0.0	6.5326666831970215
data/cropped_nifti_suv/16356_pet.nii.gz	0.0	11.73022174835205
data/cropped_nifti_suv/16410_pet.nii.gz	0.0	9.782966613769531
data/cropped_nifti_suv/16507_pet.nii.gz	0.0	6.126554012298584
data/cropped_nifti_suv/16554_pet.nii.gz	0.0	65.24948120117188
data/cropped_nifti_suv/16558_pet.nii.gz	0.0	18.418067932128906
data/cropped_nifti_suv/16585_pet.nii.gz	0.0	52.926734924316406
data/cropped_nifti_suv/16644_pet.nii.gz	0.0	21.278255462646484
data/cropped_nifti_suv/16737_pet.nii.gz	3.516907599987462e-05	45.37660217285156
data/cropped_nifti_suv/16860_pet.nii.gz	0.0	34.7569580078125
data/cropped_nifti_suv/17064_pet.nii.gz	0.0	47.83232116699219
data/cropped_nifti_suv/17248_pet.nii.gz	0.0	5.924960136413574
data/cropped_nifti_suv/17266_pet.nii.gz	0.009763740003108978	106.642822265625
data/cropped_nifti_suv/17406_pet.nii.gz	0.0	34.63070297241211
data/cropped_nifti_suv/17447_pet.nii.gz	0.0	25.223501205444336
data/cropped_nifti_suv/17478_pet.nii.gz	0.0	9.247631072998047
data/cropped_nifti_suv/17559_pet.nii.gz	0.0	6.9498677253723145
data/cropped_nifti_suv/17606_pet.nii.gz	0.0024306748528033495	10.147355079650879
data/cropped_nifti_suv/17608_pet.nii.gz	0.002692688023671508	40.09815979003906
data/cropped_nifti_suv/17752_pet.nii.gz	0.0	23.62381935119629
data/cropped_nifti_suv/17900_pet.nii.gz	0.0	7.510580062866211
data/cropped_nifti_suv/18030_pet.nii.gz	0.0	2.023361921310425
data/cropped_nifti_suv/18126_pet.nii.gz	0.011366701684892178	74.49053955078125
data/cropped_nifti_suv/18180_pet.nii.gz	0.0031184200197458267	7.1442999839782715
data/cropped_nifti_suv/18319_pet.nii.gz	0.0	28.736230850219727
data/cropped_nifti_suv/18516_pet.nii.gz	0.013710337691009045	34.40266418457031
data/cropped_nifti_suv/18661_pet.nii.gz	0.0	15.928760528564453
data/cropped_nifti_suv/18693_pet.nii.gz	0.0	14.397114753723145
data/cropped_nifti_suv/18880_pet.nii.gz	0.006026873365044594	9.413975715637207
data/cropped_nifti_suv/19068_pet.nii.gz	0.0	5.4159135818481445
data/cropped_nifti_suv/19113_pet.nii.gz	0.002367258071899414	83.96096801757812
data/cropped_nifti_suv/19224_pet.nii.gz	0.0	17.59569549560547
data/cropped_nifti_suv/19256_pet.nii.gz	0.0	4.806802749633789
data/cropped_nifti_suv/19437_pet.nii.gz	0.0	7.596081733703613
data/cropped_nifti_suv/19506_pet.nii.gz	0.012113362550735474	10.875781059265137
data/cropped_nifti_suv/19570_pet.nii.gz	0.0	9.456191062927246
data/cropped_nifti_suv/19612_pet.nii.gz	0.0	21.27918815612793
data/cropped_nifti_suv/19657_pet.nii.gz	0.0002945215965155512	2.6436259746551514
data/cropped_nifti_suv/19690_pet.nii.gz	0.003684849478304386	5.921553134918213
data/cropped_nifti_suv/19704_pet.nii.gz	0.0039832801558077335	43.5067138671875
data/cropped_nifti_suv/19733_pet.nii.gz	0.0	38.1176643371582
data/cropped_nifti_suv/19765_pet.nii.gz	6.11448849667795e-05	13.45728874206543
data/cropped_nifti_suv/19824_pet.nii.gz	0.00677131675183773	5.777287006378174
data/cropped_nifti_suv/19843_pet.nii.gz	0.0028296071104705334	18.34575843811035
data/cropped_nifti_suv/20017_pet.nii.gz	0.0	59.07618713378906
data/cropped_nifti_suv/20132_pet.nii.gz	0.0	5.2696309089660645
data/cropped_nifti_suv/20166_pet.nii.gz	0.006368604023009539	19.699684143066406
data/cropped_nifti_suv/20419_pet.nii.gz	6.602468783967197e-05	6.600981712341309
data/cropped_nifti_suv/20435_pet.nii.gz	0.0	11.26888370513916
data/cropped_nifti_suv/20441_pet.nii.gz	0.0	43.95939636230469
data/cropped_nifti_suv/20466_pet.nii.gz	0.0	5.930297374725342
data/cropped_nifti_suv/20580_pet.nii.gz	0.0017070249887183309	20.67338752746582
data/cropped_nifti_suv/20644_pet.nii.gz	0.003315520705655217	15.075223922729492
data/cropped_nifti_suv/20732_pet.nii.gz	0.0	21.581193923950195
data/cropped_nifti_suv/20778_pet.nii.gz	0.0	7.638218402862549
data/cropped_nifti_suv/20827_pet.nii.gz	0.0	29.34804916381836
data/cropped_nifti_suv/20837_pet.nii.gz	0.0	8.387648582458496
data/cropped_nifti_suv/20995_pet.nii.gz	0.004772901069372892	5.485256195068359
data/cropped_nifti_suv/21044_pet.nii.gz	0.0	9.381061553955078
data/cropped_nifti_suv/21085_pet.nii.gz	0.010580877773463726	6.954282283782959
data/cropped_nifti_suv/21135_pet.nii.gz	0.0	4.897001266479492
data/cropped_nifti_suv/21211_pet.nii.gz	0.0	5.334089279174805
data/cropped_nifti_suv/21442_pet.nii.gz	0.0	7.475377082824707
data/cropped_nifti_suv/21465_pet.nii.gz	0.0	15.836094856262207
data/cropped_nifti_suv/21466_pet.nii.gz	0.0	34.461273193359375
data/cropped_nifti_suv/21642_pet.nii.gz	0.0	5.02087926864624
data/cropped_nifti_suv/21706_pet.nii.gz	0.0	20.523466110229492
data/cropped_nifti_suv/21889_pet.nii.gz	0.0	9.392570495605469
data/cropped_nifti_suv/21935_pet.nii.gz	0.0	35.27633285522461
data/cropped_nifti_suv/21970_pet.nii.gz	0.0	10.295926094055176
data/cropped_nifti_suv/21975_pet.nii.gz	0.0	5.073710918426514
data/cropped_nifti_suv/21984_pet.nii.gz	0.004255307372659445	41.298133850097656
data/cropped_nifti_suv/22029_pet.nii.gz	0.0	5.7662858963012695
data/cropped_nifti_suv/22050_pet.nii.gz	0.02711121365427971	12.617557525634766
data/cropped_nifti_suv/22090_pet.nii.gz	0.0	25.147550582885742
data/cropped_nifti_suv/22147_pet.nii.gz	0.0	34.555538177490234
data/cropped_nifti_suv/22267_pet.nii.gz	0.007772302255034447	7.9338698387146
data/cropped_nifti_suv/22431_pet.nii.gz	0.0	12.906389236450195
data/cropped_nifti_suv/22472_pet.nii.gz	0.01174120418727398	4.27379846572876
data/cropped_nifti_suv/22580_pet.nii.gz	0.0	6.83044958114624
data/cropped_nifti_suv/22614_pet.nii.gz	0.0	47.300113677978516
data/cropped_nifti_suv/22674_pet.nii.gz	0.0035647284239530563	60.397193908691406
data/cropped_nifti_suv/22696_pet.nii.gz	0.0	45.692447662353516
data/cropped_nifti_suv/22706_pet.nii.gz	0.0	20.601146697998047
data/cropped_nifti_suv/22723_pet.nii.gz	0.0	26.540306091308594
data/cropped_nifti_suv/22921_pet.nii.gz	0.0	10.281362533569336
data/cropped_nifti_suv/22924_pet.nii.gz	0.0	6.009521007537842
data/cropped_nifti_suv/23018_pet.nii.gz	0.003918261267244816	153.69090270996094
data/cropped_nifti_suv/23065_pet.nii.gz	0.0	17.7030086517334
data/cropped_nifti_suv/23304_pet.nii.gz	0.0	5.760264873504639
data/cropped_nifti_suv/23325_pet.nii.gz	0.0	57.315277099609375
data/cropped_nifti_suv/23371_pet.nii.gz	0.0	6.282573223114014
data/cropped_nifti_suv/23386_pet.nii.gz	0.0	8.05488395690918
data/cropped_nifti_suv/23411_pet.nii.gz	0.0	10.77289867401123
data/cropped_nifti_suv/23412_pet.nii.gz	0.0	14.49378776550293
data/cropped_nifti_suv/23418_pet.nii.gz	0.0	22.138221740722656
data/cropped_nifti_suv/23442_pet.nii.gz	0.0	16.90864372253418
data/cropped_nifti_suv/23497_pet.nii.gz	0.0016307266196236014	13.309990882873535
data/cropped_nifti_suv/23561_pet.nii.gz	0.0	75.75763702392578
data/cropped_nifti_suv/23707_pet.nii.gz	0.0	57.765804290771484
data/cropped_nifti_suv/23719_pet.nii.gz	0.0	32.43210220336914
data/cropped_nifti_suv/23734_pet.nii.gz	0.0	3.815351963043213
data/cropped_nifti_suv/23829_pet.nii.gz	0.0	15.885151863098145
data/cropped_nifti_suv/23965_pet.nii.gz	0.0003698775835800916	6.841063976287842
data/cropped_nifti_suv/23981_pet.nii.gz	0.0	48.69135665893555
data/cropped_nifti_suv/24257_pet.nii.gz	0.0	16.185508728027344
data/cropped_nifti_suv/24283_pet.nii.gz	0.0	15.583600997924805
data/cropped_nifti_suv/24344_pet.nii.gz	0.0	5.897411823272705
data/cropped_nifti_suv/24365_pet.nii.gz	0.0	10.24574089050293
data/cropped_nifti_suv/24366_pet.nii.gz	4.410960536915809e-05	10.09430980682373
data/cropped_nifti_suv/24795_pet.nii.gz	3.031172491319012e-05	11.216134071350098
data/cropped_nifti_suv/24808_pet.nii.gz	0.0017285124631598592	7.907944679260254
data/cropped_nifti_suv/24841_pet.nii.gz	0.007904432713985443	8.181087493896484
data/cropped_nifti_suv/24904_pet.nii.gz	0.0	10.691068649291992
data/cropped_nifti_suv/24987_pet.nii.gz	0.0	10.683650016784668
data/cropped_nifti_suv/25033_pet.nii.gz	0.0	9.09766960144043
data/cropped_nifti_suv/25051_pet.nii.gz	0.0	63.41793441772461
data/cropped_nifti_suv/25062_pet.nii.gz	0.0	33.12771987915039
data/cropped_nifti_suv/25093_pet.nii.gz	0.0	4.526201248168945
data/cropped_nifti_suv/25100_pet.nii.gz	0.0	13.06108570098877
data/cropped_nifti_suv/25242_pet.nii.gz	0.0	5.90151834487915
data/cropped_nifti_suv/25243_pet.nii.gz	0.00011693007400026545	106.44205474853516
data/cropped_nifti_suv/25455_pet.nii.gz	0.0	54.75163650512695
data/cropped_nifti_suv/25462_pet.nii.gz	0.0	8.199392318725586
data/cropped_nifti_suv/25527_pet.nii.gz	0.0	32.49876403808594
data/cropped_nifti_suv/25774_pet.nii.gz	0.00689562875777483	6.735649585723877
data/cropped_nifti_suv/25889_pet.nii.gz	0.00010117440251633525	4.612558364868164
data/cropped_nifti_suv/25964_pet.nii.gz	0.0	8.969623565673828
data/cropped_nifti_suv/26091_pet.nii.gz	0.0	25.850812911987305
data/cropped_nifti_suv/26184_pet.nii.gz	0.0	11.186617851257324
data/cropped_nifti_suv/26291_pet.nii.gz	0.0	8.17909049987793
data/cropped_nifti_suv/26349_pet.nii.gz	0.00010068606934510171	8.56357479095459
data/cropped_nifti_suv/26363_pet.nii.gz	0.0	17.447813034057617
data/cropped_nifti_suv/26420_pet.nii.gz	0.0	6.837122440338135
data/cropped_nifti_suv/26467_pet.nii.gz	0.0	13.708650588989258
data/cropped_nifti_suv/26602_pet.nii.gz	0.0	17.523902893066406
data/cropped_nifti_suv/26707_pet.nii.gz	0.0	5.459204196929932
data/cropped_nifti_suv/26976_pet.nii.gz	0.0060043781995773315	6.532763481140137
data/cropped_nifti_suv/27024_pet.nii.gz	0.0	91.24242401123047
data/cropped_nifti_suv/27045_pet.nii.gz	0.0	65.13314056396484
data/cropped_nifti_suv/27053_pet.nii.gz	0.0	8.0943603515625
data/cropped_nifti_suv/27079_pet.nii.gz	0.0	11.81070613861084
data/cropped_nifti_suv/27098_pet.nii.gz	0.0	19.584897994995117
data/cropped_nifti_suv/27165_pet.nii.gz	0.0	137.9170684814453
data/cropped_nifti_suv/27204_pet.nii.gz	0.0	8.639364242553711
data/cropped_nifti_suv/27406_pet.nii.gz	0.0	8.897552490234375
data/cropped_nifti_suv/27511_pet.nii.gz	0.01908758096396923	13.313587188720703
data/cropped_nifti_suv/27598_pet.nii.gz	0.0	101.95023345947266
data/cropped_nifti_suv/27640_pet.nii.gz	0.0	11.950860023498535
data/cropped_nifti_suv/27728_pet.nii.gz	0.041652631014585495	8.014455795288086
data/cropped_nifti_suv/27984_pet.nii.gz	0.0	12.674400329589844
data/cropped_nifti_suv/28244_pet.nii.gz	0.0	11.097163200378418
data/cropped_nifti_suv/28273_pet.nii.gz	0.0	6.536642551422119
data/cropped_nifti_suv/28479_pet.nii.gz	0.0	42.1402702331543
data/cropped_nifti_suv/28655_pet.nii.gz	0.0	16.2730770111084
data/cropped_nifti_suv/28755_pet.nii.gz	0.0	5.6048407554626465
data/cropped_nifti_suv/28868_pet.nii.gz	0.004376031458377838	15.672027587890625
data/cropped_nifti_suv/28922_pet.nii.gz	0.0	11.89231014251709
data/cropped_nifti_suv/29017_pet.nii.gz	0.0	19.998756408691406
data/cropped_nifti_suv/29101_pet.nii.gz	0.0	7.479997634887695
data/cropped_nifti_suv/29105_pet.nii.gz	0.0	4.782052516937256
data/cropped_nifti_suv/29191_pet.nii.gz	0.0	17.38742446899414
data/cropped_nifti_suv/29205_pet.nii.gz	0.0	14.52917194366455
data/cropped_nifti_suv/29207_pet.nii.gz	0.0	8.241480827331543
data/cropped_nifti_suv/29360_pet.nii.gz	0.00017258644220419228	25.265539169311523
data/cropped_nifti_suv/29534_pet.nii.gz	0.0	13.22485065460205
data/cropped_nifti_suv/29581_pet.nii.gz	0.0	38.58156967163086
data/cropped_nifti_suv/29596_pet.nii.gz	0.0	36.924652099609375
data/cropped_nifti_suv/29651_pet.nii.gz	0.0	5.701152324676514
data/cropped_nifti_suv/29770_pet.nii.gz	0.0	73.98841094970703
data/cropped_nifti_suv/29802_pet.nii.gz	0.0	9.834168434143066
data/cropped_nifti_suv/29832_pet.nii.gz	0.0013075112365186214	17.70441436767578
data/cropped_nifti_suv/29866_pet.nii.gz	0.0	29.45502281188965
data/cropped_nifti_suv/29868_pet.nii.gz	0.0	6.534609317779541
data/cropped_nifti_suv/30077_pet.nii.gz	0.006924692541360855	45.94879913330078
data/cropped_nifti_suv/30082_pet.nii.gz	0.0	10.433155059814453
data/cropped_nifti_suv/30155_pet.nii.gz	0.0	17.7291259765625
data/cropped_nifti_suv/30162_pet.nii.gz	0.0	10.568917274475098
data/cropped_nifti_suv/30183_pet.nii.gz	0.0	17.561561584472656
data/cropped_nifti_suv/30216_pet.nii.gz	0.0	26.300743103027344
data/cropped_nifti_suv/30231_pet.nii.gz	0.0	8.162652015686035
data/cropped_nifti_suv/30273_pet.nii.gz	0.0	8.51645565032959
data/cropped_nifti_suv/30304_pet.nii.gz	0.0	7.581904888153076
data/cropped_nifti_suv/30319_pet.nii.gz	0.0	49.7293815612793
data/cropped_nifti_suv/30324_pet.nii.gz	0.0	19.790189743041992
data/cropped_nifti_suv/30440_pet.nii.gz	0.005632332991808653	7.658095836639404
data/cropped_nifti_suv/30443_pet.nii.gz	-0.5380112528800964	0.7896786332130432
data/cropped_nifti_suv/30512_pet.nii.gz	0.0	14.053047180175781
data/cropped_nifti_suv/30603_pet.nii.gz	0.0	34.71762466430664
data/cropped_nifti_suv/30650_pet.nii.gz	0.0	7.996139049530029
data/cropped_nifti_suv/30791_pet.nii.gz	0.0	8.481666564941406
data/cropped_nifti_suv/30799_pet.nii.gz	0.0018151233671233058	5.563353061676025
data/cropped_nifti_suv/30901_pet.nii.gz	0.0	53.99284744262695
data/cropped_nifti_suv/31062_pet.nii.gz	0.0	20.86486053466797
data/cropped_nifti_suv/31384_pet.nii.gz	0.0	48.71076202392578
data/cropped_nifti_suv/31463_pet.nii.gz	0.0	22.767860412597656
data/cropped_nifti_suv/31502_pet.nii.gz	0.0044318982400000095	10.72519302368164
data/cropped_nifti_suv/31513_pet.nii.gz	0.0	96.3650894165039
data/cropped_nifti_suv/31592_pet.nii.gz	0.0	20.10000228881836
data/cropped_nifti_suv/31677_pet.nii.gz	0.0019146137638017535	16.574811935424805
data/cropped_nifti_suv/31706_pet.nii.gz	0.0	8.21083927154541
data/cropped_nifti_suv/31863_pet.nii.gz	0.0	4.854401588439941
data/cropped_nifti_suv/31875_pet.nii.gz	0.0	10.099604606628418
data/cropped_nifti_suv/31886_pet.nii.gz	0.0	27.83383560180664
data/cropped_nifti_suv/31932_pet.nii.gz	0.002040678169578314	7.793630599975586
data/cropped_nifti_suv/32053_pet.nii.gz	0.0	30.44901466369629
data/cropped_nifti_suv/32120_pet.nii.gz	0.0	15.90745735168457
data/cropped_nifti_suv/32248_pet.nii.gz	0.0	6.580045223236084
data/cropped_nifti_suv/32260_pet.nii.gz	0.0	10.90579891204834
data/cropped_nifti_suv/32385_pet.nii.gz	0.00047771987738087773	16.191326141357422
data/cropped_nifti_suv/32427_pet.nii.gz	0.0	14.325719833374023
data/cropped_nifti_suv/32572_pet.nii.gz	0.0	5.148261547088623
data/cropped_nifti_suv/32957_pet.nii.gz	0.0	7.616927623748779
data/cropped_nifti_suv/33120_pet.nii.gz	0.0	111.25130462646484
data/cropped_nifti_suv/33171_pet.nii.gz	0.0	32.745567321777344
data/cropped_nifti_suv/33210_pet.nii.gz	0.0006061362219043076	6.733145713806152
data/cropped_nifti_suv/33270_pet.nii.gz	0.0	26.082944869995117
data/cropped_nifti_suv/33390_pet.nii.gz	0.0004056053003296256	20.611448287963867
data/cropped_nifti_suv/33498_pet.nii.gz	0.0	7.4181060791015625
data/cropped_nifti_suv/33740_pet.nii.gz	0.0	65.37516784667969
data/cropped_nifti_suv/33757_pet.nii.gz	0.0	8.370591163635254
data/cropped_nifti_suv/33759_pet.nii.gz	0.0	19.16599464416504
data/cropped_nifti_suv/34043_pet.nii.gz	0.00235469127073884	58.977230072021484
data/cropped_nifti_suv/34062_pet.nii.gz	0.0	6.293515205383301
data/cropped_nifti_suv/34125_pet.nii.gz	0.0	6.597298622131348
data/cropped_nifti_suv/34141_pet.nii.gz	0.0	96.36992645263672
data/cropped_nifti_suv/34202_pet.nii.gz	0.0	6.671544075012207
data/cropped_nifti_suv/34257_pet.nii.gz	0.0	6.026322364807129
data/cropped_nifti_suv/34293_pet.nii.gz	0.014061625115573406	8.916348457336426
data/cropped_nifti_suv/34519_pet.nii.gz	0.0	25.451995849609375
data/cropped_nifti_suv/34564_pet.nii.gz	0.0	3.497577428817749
data/cropped_nifti_suv/34584_pet.nii.gz	0.0	100.62692260742188
data/cropped_nifti_suv/34654_pet.nii.gz	0.0	13.501322746276855
data/cropped_nifti_suv/34666_pet.nii.gz	0.0	19.15633201599121
data/cropped_nifti_suv/34765_pet.nii.gz	0.00035572555498220026	35.037837982177734
data/cropped_nifti_suv/34768_pet.nii.gz	0.0	13.4926176071167
data/cropped_nifti_suv/34946_pet.nii.gz	0.0002216193825006485	77.13983154296875
data/cropped_nifti_suv/35164_pet.nii.gz	0.0	7.372101783752441
data/cropped_nifti_suv/35215_pet.nii.gz	0.0	10.441753387451172
data/cropped_nifti_suv/35265_pet.nii.gz	0.003363117342814803	4.277885913848877
data/cropped_nifti_suv/35267_pet.nii.gz	0.0	9.567946434020996
data/cropped_nifti_suv/35562_pet.nii.gz	0.0	14.939384460449219
data/cropped_nifti_suv/35711_pet.nii.gz	0.0	7.746328353881836
data/cropped_nifti_suv/35755_pet.nii.gz	0.0	24.801607131958008
data/cropped_nifti_suv/35876_pet.nii.gz	0.0	13.051310539245605
data/cropped_nifti_suv/35888_pet.nii.gz	0.0	58.783626556396484
data/cropped_nifti_suv/35897_pet.nii.gz	0.0	21.768285751342773
data/cropped_nifti_suv/36121_pet.nii.gz	0.0	26.462173461914062
data/cropped_nifti_suv/36158_pet.nii.gz	0.0	15.436807632446289
data/cropped_nifti_suv/36197_pet.nii.gz	0.0	8.6904935836792
data/cropped_nifti_suv/36226_pet.nii.gz	0.0	5.267326354980469
data/cropped_nifti_suv/36241_pet.nii.gz	0.0	7.364204406738281
data/cropped_nifti_suv/36259_pet.nii.gz	0.0	10.631036758422852
data/cropped_nifti_suv/36409_pet.nii.gz	0.0	8.59369945526123
data/cropped_nifti_suv/36530_pet.nii.gz	0.0	5.12316370010376
data/cropped_nifti_suv/36725_pet.nii.gz	0.015517117455601692	12.710243225097656
data/cropped_nifti_suv/36758_pet.nii.gz	0.03439999744296074	7.153924942016602
data/cropped_nifti_suv/36768_pet.nii.gz	0.0	5.100989818572998
data/cropped_nifti_suv/36894_pet.nii.gz	0.0	68.59225463867188
data/cropped_nifti_suv/37068_pet.nii.gz	0.0	71.4888916015625
data/cropped_nifti_suv/37205_pet.nii.gz	0.0	82.26753234863281
data/cropped_nifti_suv/37272_pet.nii.gz	0.00014437828212976456	8.71340274810791
data/cropped_nifti_suv/37404_pet.nii.gz	0.0	19.007976531982422
data/cropped_nifti_suv/37407_pet.nii.gz	0.0	5.713235378265381
data/cropped_nifti_suv/37426_pet.nii.gz	0.0010007098317146301	9.742981910705566
data/cropped_nifti_suv/37611_pet.nii.gz	0.0	5.978031635284424
data/cropped_nifti_suv/37620_pet.nii.gz	0.0	93.48356628417969
data/cropped_nifti_suv/37671_pet.nii.gz	0.0	4.828144550323486
data/cropped_nifti_suv/37737_pet.nii.gz	0.006182805635035038	6.5146164894104
data/cropped_nifti_suv/37787_pet.nii.gz	0.0	13.380195617675781
data/cropped_nifti_suv/37855_pet.nii.gz	0.008374905213713646	6.847322463989258
data/cropped_nifti_suv/38023_pet.nii.gz	0.0	11.94823932647705
data/cropped_nifti_suv/38232_pet.nii.gz	0.0	7.247675895690918
data/cropped_nifti_suv/38272_pet.nii.gz	0.0005493831122294068	9.760575294494629
data/cropped_nifti_suv/38293_pet.nii.gz	0.0003644345561042428	20.285459518432617
data/cropped_nifti_suv/38367_pet.nii.gz	0.0	4.480892658233643
data/cropped_nifti_suv/38371_pet.nii.gz	0.0	15.696305274963379
data/cropped_nifti_suv/38416_pet.nii.gz	0.0	106.30848693847656
data/cropped_nifti_suv/38511_pet.nii.gz	0.0	13.22607421875
data/cropped_nifti_suv/38553_pet.nii.gz	0.0	7.868218421936035
data/cropped_nifti_suv/38626_pet.nii.gz	0.0	8.0804443359375
data/cropped_nifti_suv/38642_pet.nii.gz	0.014109565876424313	8.94948673248291
data/cropped_nifti_suv/38683_pet.nii.gz	0.0	8.622166633605957
data/cropped_nifti_suv/38719_pet.nii.gz	0.0	9.799056053161621
data/cropped_nifti_suv/38742_pet.nii.gz	0.00019287176837679	14.81591510772705
data/cropped_nifti_suv/38772_pet.nii.gz	0.0	7.277291297912598
data/cropped_nifti_suv/38784_pet.nii.gz	0.0013913915026932955	5.4667768478393555
data/cropped_nifti_suv/38896_pet.nii.gz	0.0	6.989687919616699
data/cropped_nifti_suv/39106_pet.nii.gz	0.008625959046185017	8.16159439086914
data/cropped_nifti_suv/39272_pet.nii.gz	0.0024781476240605116	0.26243582367897034
data/cropped_nifti_suv/39299_pet.nii.gz	0.0	4.251972198486328
data/cropped_nifti_suv/39323_pet.nii.gz	0.0	12.440226554870605
data/cropped_nifti_suv/39391_pet.nii.gz	0.0	26.4633731842041
data/cropped_nifti_suv/39417_pet.nii.gz	0.0	10.407177925109863
data/cropped_nifti_suv/39489_pet.nii.gz	0.0	14.782655715942383
data/cropped_nifti_suv/39601_pet.nii.gz	0.0	12.107414245605469
data/cropped_nifti_suv/39623_pet.nii.gz	0.0	6.693167686462402
data/cropped_nifti_suv/39629_pet.nii.gz	0.0	6.313508033752441
data/cropped_nifti_suv/39710_pet.nii.gz	4.241408169036731e-05	10.144871711730957
data/cropped_nifti_suv/39761_pet.nii.gz	0.0029947906732559204	56.1583137512207
data/cropped_nifti_suv/39818_pet.nii.gz	8.087228343356401e-05	18.096654891967773
data/cropped_nifti_suv/39870_pet.nii.gz	0.0	26.310922622680664
data/cropped_nifti_suv/40010_pet.nii.gz	0.004603303968906403	9.836204528808594
data/cropped_nifti_suv/40074_pet.nii.gz	0.0	19.369590759277344
data/cropped_nifti_suv/40094_pet.nii.gz	0.0	49.63582992553711
data/cropped_nifti_suv/40271_pet.nii.gz	0.0	52.155731201171875
data/cropped_nifti_suv/40327_pet.nii.gz	0.0	10.253483772277832
data/cropped_nifti_suv/40470_pet.nii.gz	0.0	38.109275817871094
data/cropped_nifti_suv/40502_pet.nii.gz	0.0	6.45906400680542
data/cropped_nifti_suv/40577_pet.nii.gz	0.0	8.678906440734863
data/cropped_nifti_suv/40580_pet.nii.gz	0.0	13.293540954589844
data/cropped_nifti_suv/40944_pet.nii.gz	0.0	5.189078330993652
data/cropped_nifti_suv/41140_pet.nii.gz	0.0003572265268303454	22.267444610595703
data/cropped_nifti_suv/41170_pet.nii.gz	0.016444174572825432	5.961012840270996
data/cropped_nifti_suv/41201_pet.nii.gz	0.0004729388456325978	42.694496154785156
data/cropped_nifti_suv/41214_pet.nii.gz	0.0	7.544381618499756
data/cropped_nifti_suv/41282_pet.nii.gz	0.0	22.582612991333008
data/cropped_nifti_suv/41367_pet.nii.gz	0.006011979654431343	15.110100746154785
data/cropped_nifti_suv/41477_pet.nii.gz	0.0	7.122722148895264
data/cropped_nifti_suv/41488_pet.nii.gz	0.0037850167136639357	33.232444763183594
data/cropped_nifti_suv/41538_pet.nii.gz	0.0	33.72562026977539
data/cropped_nifti_suv/41539_pet.nii.gz	0.01816224865615368	9.253665924072266
data/cropped_nifti_suv/41542_pet.nii.gz	0.0	16.983274459838867
data/cropped_nifti_suv/41572_pet.nii.gz	0.0	10.818904876708984
data/cropped_nifti_suv/41787_pet.nii.gz	3.8404778024414554e-05	9.972460746765137
data/cropped_nifti_suv/41858_pet.nii.gz	0.0	56.020896911621094
data/cropped_nifti_suv/41927_pet.nii.gz	0.0	9.915617942810059
data/cropped_nifti_suv/41980_pet.nii.gz	0.00011706348595907912	9.987844467163086
data/cropped_nifti_suv/41985_pet.nii.gz	0.0	4.287747383117676
data/cropped_nifti_suv/42011_pet.nii.gz	0.004388029221445322	12.54757022857666
data/cropped_nifti_suv/42030_pet.nii.gz	0.0	5.277774810791016
data/cropped_nifti_suv/42182_pet.nii.gz	0.0	27.132797241210938
data/cropped_nifti_suv/42191_pet.nii.gz	0.0	38.084014892578125
data/cropped_nifti_suv/42200_pet.nii.gz	8.316046296386048e-05	6.775448799133301
data/cropped_nifti_suv/42338_pet.nii.gz	0.0	5.653042316436768
data/cropped_nifti_suv/42450_pet.nii.gz	0.0	6.475830554962158
data/cropped_nifti_suv/42664_pet.nii.gz	0.0	182.80760192871094
data/cropped_nifti_suv/42841_pet.nii.gz	0.009483321569859982	6.723674774169922
data/cropped_nifti_suv/42898_pet.nii.gz	0.001992147881537676	13.367311477661133
data/cropped_nifti_suv/43015_pet.nii.gz	0.0011539702536538243	21.37845230102539
data/cropped_nifti_suv/43046_pet.nii.gz	0.0	6.673533916473389
data/cropped_nifti_suv/43058_pet.nii.gz	0.0	4.898528099060059
data/cropped_nifti_suv/43197_pet.nii.gz	0.0	6.510229587554932
data/cropped_nifti_suv/43326_pet.nii.gz	0.013276588171720505	104.8094711303711
data/cropped_nifti_suv/43447_pet.nii.gz	0.0	5.8556694984436035
data/cropped_nifti_suv/43501_pet.nii.gz	0.0	13.773738861083984
data/cropped_nifti_suv/43533_pet.nii.gz	0.0	39.96852111816406
data/cropped_nifti_suv/43534_pet.nii.gz	0.0	19.196529388427734
data/cropped_nifti_suv/43537_pet.nii.gz	0.0	47.72459030151367
data/cropped_nifti_suv/43610_pet.nii.gz	3.4886168577941135e-05	7.762998580932617
data/cropped_nifti_suv/43655_pet.nii.gz	0.0	10.135628700256348
data/cropped_nifti_suv/43739_pet.nii.gz	0.0	55.51390838623047
data/cropped_nifti_suv/43899_pet.nii.gz	0.0	51.164798736572266
data/cropped_nifti_suv/43911_pet.nii.gz	0.0	10.046866416931152
data/cropped_nifti_suv/44072_pet.nii.gz	0.0	76.57467651367188
data/cropped_nifti_suv/44154_pet.nii.gz	0.0	143.24000549316406
data/cropped_nifti_suv/44185_pet.nii.gz	0.00574262160807848	21.810474395751953
data/cropped_nifti_suv/44319_pet.nii.gz	0.0	6.493345260620117
data/cropped_nifti_suv/44323_pet.nii.gz	0.0	5.544210910797119
data/cropped_nifti_suv/44336_pet.nii.gz	0.013882746919989586	18.602012634277344
data/cropped_nifti_suv/44354_pet.nii.gz	0.0	6.604672431945801
data/cropped_nifti_suv/44402_pet.nii.gz	0.005303605925291777	13.16355037689209
data/cropped_nifti_suv/44432_pet.nii.gz	0.000202932336833328	9.147406578063965
data/cropped_nifti_suv/44793_pet.nii.gz	0.0	17.869199752807617
data/cropped_nifti_suv/44868_pet.nii.gz	0.0029545880388468504	31.865345001220703
data/cropped_nifti_suv/44945_pet.nii.gz	0.0	49.4916877746582
data/cropped_nifti_suv/45010_pet.nii.gz	0.0	11.914852142333984
data/cropped_nifti_suv/45153_pet.nii.gz	0.0	4.406272888183594
data/cropped_nifti_suv/45155_pet.nii.gz	0.0	8.133413314819336
data/cropped_nifti_suv/45219_pet.nii.gz	0.0	10.980476379394531
data/cropped_nifti_suv/45337_pet.nii.gz	0.0	20.232484817504883
data/cropped_nifti_suv/45536_pet.nii.gz	0.0	50.043704986572266
data/cropped_nifti_suv/45577_pet.nii.gz	0.01310653891414404	11.132226943969727
data/cropped_nifti_suv/45708_pet.nii.gz	0.0	7.547317028045654
data/cropped_nifti_suv/45897_pet.nii.gz	0.0	8.769722938537598
data/cropped_nifti_suv/46018_pet.nii.gz	0.0	5.554224014282227
data/cropped_nifti_suv/46034_pet.nii.gz	0.0	23.01898765563965
data/cropped_nifti_suv/46113_pet.nii.gz	0.0015961683820933104	24.00645637512207
data/cropped_nifti_suv/46312_pet.nii.gz	0.0	27.136554718017578
data/cropped_nifti_suv/46318_pet.nii.gz	0.0	11.570555686950684
data/cropped_nifti_suv/46430_pet.nii.gz	0.0	18.184368133544922
data/cropped_nifti_suv/46458_pet.nii.gz	0.0	82.61277770996094
data/cropped_nifti_suv/46685_pet.nii.gz	0.0	49.07931137084961
data/cropped_nifti_suv/46693_pet.nii.gz	0.0	16.927064895629883
data/cropped_nifti_suv/46900_pet.nii.gz	0.006061353720724583	49.775840759277344
data/cropped_nifti_suv/46947_pet.nii.gz	0.0	12.217519760131836
data/cropped_nifti_suv/47030_pet.nii.gz	0.0	21.649240493774414
data/cropped_nifti_suv/47224_pet.nii.gz	0.0	73.84335327148438
data/cropped_nifti_suv/47339_pet.nii.gz	0.0	6.827737331390381
data/cropped_nifti_suv/47591_pet.nii.gz	0.0	90.56572723388672
data/cropped_nifti_suv/47629_pet.nii.gz	0.0	49.864723205566406
data/cropped_nifti_suv/47742_pet.nii.gz	0.00473592197522521	31.189098358154297
data/cropped_nifti_suv/47829_pet.nii.gz	0.0	15.215689659118652
data/cropped_nifti_suv/47901_pet.nii.gz	0.0	6.910435676574707
data/cropped_nifti_suv/48033_pet.nii.gz	0.0	11.01632308959961
data/cropped_nifti_suv/48051_pet.nii.gz	0.0003107980010099709	9.673267364501953
data/cropped_nifti_suv/48072_pet.nii.gz	0.001488261274062097	21.512815475463867
data/cropped_nifti_suv/48139_pet.nii.gz	0.0	201.02540588378906
data/cropped_nifti_suv/48151_pet.nii.gz	0.0	16.12804412841797
data/cropped_nifti_suv/48378_pet.nii.gz	0.0012890375219285488	6.514795780181885
data/cropped_nifti_suv/48389_pet.nii.gz	0.0	6.324787139892578
data/cropped_nifti_suv/48403_pet.nii.gz	0.0	10.642475128173828
data/cropped_nifti_suv/48470_pet.nii.gz	0.0	45.16695785522461
data/cropped_nifti_suv/48525_pet.nii.gz	0.001108214259147644	4.746481418609619
data/cropped_nifti_suv/48568_pet.nii.gz	0.000269318581558764	8.646581649780273
data/cropped_nifti_suv/48613_pet.nii.gz	0.0	19.357471466064453
data/cropped_nifti_suv/48635_pet.nii.gz	4.589357558870688e-05	6.6107096672058105
data/cropped_nifti_suv/48674_pet.nii.gz	0.0	16.51607322692871
data/cropped_nifti_suv/48708_pet.nii.gz	4.261352296452969e-05	9.867082595825195
data/cropped_nifti_suv/48886_pet.nii.gz	0.0	17.754745483398438
data/cropped_nifti_suv/48951_pet.nii.gz	0.0	39.796932220458984
data/cropped_nifti_suv/48990_pet.nii.gz	0.0	16.172000885009766
data/cropped_nifti_suv/49125_pet.nii.gz	0.0	33.60416030883789
data/cropped_nifti_suv/49278_pet.nii.gz	0.0	39.64210891723633
data/cropped_nifti_suv/49322_pet.nii.gz	0.0	52.262691497802734
data/cropped_nifti_suv/49331_pet.nii.gz	0.0	39.170982360839844
data/cropped_nifti_suv/49354_pet.nii.gz	0.0	7.333749771118164
data/cropped_nifti_suv/49426_pet.nii.gz	0.0	5.6603522300720215
data/cropped_nifti_suv/49487_pet.nii.gz	0.0	36.67915725708008
data/cropped_nifti_suv/49533_pet.nii.gz	0.0	79.16259002685547
data/cropped_nifti_suv/49560_pet.nii.gz	0.009898209944367409	6.946161270141602
data/cropped_nifti_suv/49576_pet.nii.gz	0.0	13.638262748718262
data/cropped_nifti_suv/49808_pet.nii.gz	0.0	8.811491012573242
data/cropped_nifti_suv/49858_pet.nii.gz	0.0	31.151023864746094
data/cropped_nifti_suv/49911_pet.nii.gz	0.0	30.44439697265625
data/cropped_nifti_suv/49921_pet.nii.gz	0.00017158414993900806	12.131731033325195
data/cropped_nifti_suv/49952_pet.nii.gz	0.0	26.188982009887695
data/cropped_nifti_suv/50096_pet.nii.gz	0.0	35.104286193847656
data/cropped_nifti_suv/50098_pet.nii.gz	6.800614937674254e-05	7.3460469245910645
data/cropped_nifti_suv/50156_pet.nii.gz	0.0	6.508066654205322
data/cropped_nifti_suv/50182_pet.nii.gz	0.0	6.727402687072754
data/cropped_nifti_suv/50192_pet.nii.gz	0.0018728483701124787	48.64262390136719
data/cropped_nifti_suv/50211_pet.nii.gz	0.0	10.733541488647461
data/cropped_nifti_suv/50260_pet.nii.gz	0.0	72.4056167602539
data/cropped_nifti_suv/50297_pet.nii.gz	0.0	14.10086727142334
data/cropped_nifti_suv/50308_pet.nii.gz	0.0	9.621602058410645
data/cropped_nifti_suv/50343_pet.nii.gz	0.0	8.486044883728027
data/cropped_nifti_suv/50362_pet.nii.gz	0.0	8.215018272399902
data/cropped_nifti_suv/50491_pet.nii.gz	2.5000375899253413e-05	6.251223564147949
data/cropped_nifti_suv/50579_pet.nii.gz	0.0	4.247806549072266
data/cropped_nifti_suv/50813_pet.nii.gz	0.00031669356394559145	28.141347885131836
data/cropped_nifti_suv/50839_pet.nii.gz	0.0	71.3878173828125
data/cropped_nifti_suv/50946_pet.nii.gz	0.0	8.563591003417969
data/cropped_nifti_suv/50982_pet.nii.gz	0.0	5.505319118499756
data/cropped_nifti_suv/51105_pet.nii.gz	0.0	24.49340057373047
data/cropped_nifti_suv/51183_pet.nii.gz	0.0	11.864517211914062
data/cropped_nifti_suv/51296_pet.nii.gz	0.0	6.296198844909668
data/cropped_nifti_suv/51384_pet.nii.gz	0.027090586721897125	8.427430152893066
data/cropped_nifti_suv/51417_pet.nii.gz	0.0003331891493871808	10.80411434173584
data/cropped_nifti_suv/51422_pet.nii.gz	0.0010922986548393965	8.804610252380371
data/cropped_nifti_suv/51480_pet.nii.gz	0.0012864541495218873	19.693830490112305
data/cropped_nifti_suv/51552_pet.nii.gz	0.0	85.03022003173828
data/cropped_nifti_suv/51557_pet.nii.gz	0.025795238092541695	11.50467586517334
data/cropped_nifti_suv/51672_pet.nii.gz	0.03776555508375168	11.515976905822754
data/cropped_nifti_suv/51796_pet.nii.gz	0.0	93.71186828613281
data/cropped_nifti_suv/51800_pet.nii.gz	0.00028164085233584046	16.899024963378906
data/cropped_nifti_suv/51850_pet.nii.gz	0.0	13.111717224121094
data/cropped_nifti_suv/51954_pet.nii.gz	0.0	46.12765884399414
data/cropped_nifti_suv/51998_pet.nii.gz	0.0	189.150390625
data/cropped_nifti_suv/52034_pet.nii.gz	0.0	8.36733341217041
data/cropped_nifti_suv/52095_pet.nii.gz	0.0	11.081387519836426
data/cropped_nifti_suv/52132_pet.nii.gz	0.0	14.837942123413086
data/cropped_nifti_suv/52236_pet.nii.gz	7.492917211493477e-05	7.174343585968018
data/cropped_nifti_suv/52366_pet.nii.gz	0.0	37.555511474609375
data/cropped_nifti_suv/52380_pet.nii.gz	0.0	33.28342819213867
data/cropped_nifti_suv/52630_pet.nii.gz	0.0	13.912631034851074
data/cropped_nifti_suv/52694_pet.nii.gz	0.0017092415364459157	11.923667907714844
data/cropped_nifti_suv/52731_pet.nii.gz	0.013331292197108269	5.087553977966309
data/cropped_nifti_suv/52845_pet.nii.gz	0.0	4.177840709686279
data/cropped_nifti_suv/52942_pet.nii.gz	0.00018601476040203124	16.166044235229492
data/cropped_nifti_suv/53109_pet.nii.gz	0.0	6.419527053833008
data/cropped_nifti_suv/53282_pet.nii.gz	0.0	8.624835014343262
data/cropped_nifti_suv/53295_pet.nii.gz	0.0	40.38941192626953
data/cropped_nifti_suv/53347_pet.nii.gz	0.0	16.30133819580078
data/cropped_nifti_suv/53517_pet.nii.gz	0.0	14.845376014709473
data/cropped_nifti_suv/53833_pet.nii.gz	0.0	9.62890911102295
data/cropped_nifti_suv/54054_pet.nii.gz	0.0	232.68043518066406
data/cropped_nifti_suv/54224_pet.nii.gz	0.0	9.17593765258789
data/cropped_nifti_suv/54269_pet.nii.gz	0.0011635671835392714	13.272809982299805
data/cropped_nifti_suv/54320_pet.nii.gz	0.0	7.019439220428467
data/cropped_nifti_suv/54354_pet.nii.gz	0.0	32.40435028076172
data/cropped_nifti_suv/54409_pet.nii.gz	0.0	12.009675025939941
data/cropped_nifti_suv/54488_pet.nii.gz	0.0	6.042757987976074
data/cropped_nifti_suv/54557_pet.nii.gz	0.005410946439951658	55.6480712890625
data/cropped_nifti_suv/54601_pet.nii.gz	0.0	23.481645584106445
data/cropped_nifti_suv/54605_pet.nii.gz	0.0	12.426122665405273
data/cropped_nifti_suv/54664_pet.nii.gz	0.005926831625401974	12.843086242675781
data/cropped_nifti_suv/54837_pet.nii.gz	0.0	36.00360870361328
data/cropped_nifti_suv/54935_pet.nii.gz	0.0	7.3360114097595215
data/cropped_nifti_suv/55034_pet.nii.gz	0.0	8.639180183410645
data/cropped_nifti_suv/55036_pet.nii.gz	0.0	30.509414672851562
data/cropped_nifti_suv/55044_pet.nii.gz	-0.48778852820396423	1.265677809715271
data/cropped_nifti_suv/55194_pet.nii.gz	0.0	64.7639389038086
data/cropped_nifti_suv/55428_pet.nii.gz	0.0008591624791733921	7.206273078918457
data/cropped_nifti_suv/55527_pet.nii.gz	0.0	6.051914691925049
data/cropped_nifti_suv/55561_pet.nii.gz	0.0025244092103093863	14.567448616027832
data/cropped_nifti_suv/55696_pet.nii.gz	0.0	28.540611267089844
data/cropped_nifti_suv/55773_pet.nii.gz	0.0	5.242760181427002
data/cropped_nifti_suv/55795_pet.nii.gz	0.0	48.04731750488281
data/cropped_nifti_suv/56009_pet.nii.gz	0.0	36.21294403076172
data/cropped_nifti_suv/56026_pet.nii.gz	0.0	8.989175796508789
data/cropped_nifti_suv/56027_pet.nii.gz	0.00027396163204684854	22.6160945892334
data/cropped_nifti_suv/56380_pet.nii.gz	0.004353157710283995	14.61357593536377
data/cropped_nifti_suv/56388_pet.nii.gz	0.0	25.794055938720703
data/cropped_nifti_suv/56391_pet.nii.gz	0.0	10.15890884399414
data/cropped_nifti_suv/56405_pet.nii.gz	0.008350014686584473	47.528282165527344
data/cropped_nifti_suv/56436_pet.nii.gz	0.0	13.161209106445312
data/cropped_nifti_suv/56491_pet.nii.gz	0.0	6.776553153991699
data/cropped_nifti_suv/56633_pet.nii.gz	0.0	4.677555561065674
data/cropped_nifti_suv/56859_pet.nii.gz	0.0	28.037813186645508
data/cropped_nifti_suv/56890_pet.nii.gz	0.0	23.675262451171875
data/cropped_nifti_suv/56983_pet.nii.gz	0.0	11.229656219482422
data/cropped_nifti_suv/57041_pet.nii.gz	0.0	14.535094261169434
data/cropped_nifti_suv/57066_pet.nii.gz	0.0	7.49157190322876
data/cropped_nifti_suv/57095_pet.nii.gz	0.0017103052232414484	16.246187210083008
data/cropped_nifti_suv/57275_pet.nii.gz	0.0008436852949671447	10.544594764709473
data/cropped_nifti_suv/57286_pet.nii.gz	0.0006158346659503877	17.288719177246094
data/cropped_nifti_suv/57414_pet.nii.gz	0.0	8.261212348937988
data/cropped_nifti_suv/57422_pet.nii.gz	0.0	27.27876091003418
data/cropped_nifti_suv/57594_pet.nii.gz	0.0	83.29589080810547
data/cropped_nifti_suv/57795_pet.nii.gz	0.003410030622035265	11.832805633544922
data/cropped_nifti_suv/58120_pet.nii.gz	0.0	5.841888904571533
data/cropped_nifti_suv/58292_pet.nii.gz	0.0	6.356415748596191
data/cropped_nifti_suv/58325_pet.nii.gz	0.0	17.675865173339844
data/cropped_nifti_suv/58503_pet.nii.gz	0.0	49.11534118652344
data/cropped_nifti_suv/58533_pet.nii.gz	0.0	32.50957107543945
data/cropped_nifti_suv/58652_pet.nii.gz	0.0	22.2726993560791
data/cropped_nifti_suv/58745_pet.nii.gz	0.0001275152462767437	16.401853561401367
data/cropped_nifti_suv/58755_pet.nii.gz	0.0	6.380443096160889
data/cropped_nifti_suv/58987_pet.nii.gz	0.0	5.976206302642822
data/cropped_nifti_suv/59032_pet.nii.gz	0.0	16.083332061767578
data/cropped_nifti_suv/59149_pet.nii.gz	4.7195419028867036e-05	6.123772621154785
data/cropped_nifti_suv/59200_pet.nii.gz	0.0	15.307672500610352
data/cropped_nifti_suv/59224_pet.nii.gz	0.0	21.967985153198242
data/cropped_nifti_suv/59230_pet.nii.gz	0.0	9.575916290283203
data/cropped_nifti_suv/59349_pet.nii.gz	0.0	7.890293121337891
data/cropped_nifti_suv/59519_pet.nii.gz	0.0	18.888233184814453
data/cropped_nifti_suv/59539_pet.nii.gz	0.0002578427956905216	20.558822631835938
data/cropped_nifti_suv/59590_pet.nii.gz	0.0017480375245213509	18.95397186279297
data/cropped_nifti_suv/59942_pet.nii.gz	0.0027092210948467255	37.1014289855957
data/cropped_nifti_suv/60072_pet.nii.gz	0.0	13.88874340057373
data/cropped_nifti_suv/60267_pet.nii.gz	0.0	58.21521759033203
data/cropped_nifti_suv/60278_pet.nii.gz	0.0	7.437854290008545
data/cropped_nifti_suv/60301_pet.nii.gz	0.0	5.032585144042969
data/cropped_nifti_suv/60476_pet.nii.gz	0.0	25.30240249633789
data/cropped_nifti_suv/60736_pet.nii.gz	0.0	8.858731269836426
data/cropped_nifti_suv/60825_pet.nii.gz	4.177932351012714e-05	13.961872100830078
data/cropped_nifti_suv/60828_pet.nii.gz	0.0	40.38264083862305
data/cropped_nifti_suv/60885_pet.nii.gz	0.0	27.762527465820312
data/cropped_nifti_suv/60933_pet.nii.gz	0.0	15.15816879272461
data/cropped_nifti_suv/61024_pet.nii.gz	0.0	5.189600944519043
data/cropped_nifti_suv/61069_pet.nii.gz	0.007313112262636423	36.152984619140625
data/cropped_nifti_suv/61166_pet.nii.gz	0.0040631466545164585	11.172298431396484
data/cropped_nifti_suv/61503_pet.nii.gz	0.0	28.08685302734375
data/cropped_nifti_suv/61694_pet.nii.gz	0.0	10.490180969238281
data/cropped_nifti_suv/61727_pet.nii.gz	0.0	24.775808334350586
data/cropped_nifti_suv/61729_pet.nii.gz	0.0	24.096126556396484
data/cropped_nifti_suv/61740_pet.nii.gz	0.007401478476822376	26.35111427307129
data/cropped_nifti_suv/61788_pet.nii.gz	0.0	6.758909225463867
data/cropped_nifti_suv/61919_pet.nii.gz	0.0	22.771697998046875
data/cropped_nifti_suv/61980_pet.nii.gz	0.0	9.927700996398926
data/cropped_nifti_suv/62133_pet.nii.gz	0.0	8.639556884765625
data/cropped_nifti_suv/62156_pet.nii.gz	0.0	59.27838134765625
data/cropped_nifti_suv/62165_pet.nii.gz	0.0	11.735569953918457
data/cropped_nifti_suv/62184_pet.nii.gz	0.0	7.575401782989502
data/cropped_nifti_suv/62383_pet.nii.gz	0.002009528921917081	15.261730194091797
data/cropped_nifti_suv/62398_pet.nii.gz	0.0	35.97987365722656
data/cropped_nifti_suv/62588_pet.nii.gz	0.0	15.977363586425781
data/cropped_nifti_suv/62591_pet.nii.gz	0.0	29.870283126831055
data/cropped_nifti_suv/62596_pet.nii.gz	0.0	23.461950302124023
data/cropped_nifti_suv/62632_pet.nii.gz	0.0002150306390831247	26.501338958740234
data/cropped_nifti_suv/62686_pet.nii.gz	0.0014013785403221846	7.566042900085449
data/cropped_nifti_suv/62875_pet.nii.gz	0.0	7.572245121002197
data/cropped_nifti_suv/62951_pet.nii.gz	0.007551360409706831	56.16069793701172
data/cropped_nifti_suv/63045_pet.nii.gz	0.0	20.77091407775879
data/cropped_nifti_suv/63185_pet.nii.gz	0.0	6.732766628265381
data/cropped_nifti_suv/63239_pet.nii.gz	0.0	22.12209701538086
data/cropped_nifti_suv/63242_pet.nii.gz	0.00048448471352458	87.38976287841797
data/cropped_nifti_suv/63559_pet.nii.gz	0.0021077001001685858	19.50555992126465
data/cropped_nifti_suv/63573_pet.nii.gz	0.008476834744215012	83.80622863769531
data/cropped_nifti_suv/63654_pet.nii.gz	0.002344324719160795	39.31666946411133
data/cropped_nifti_suv/63667_pet.nii.gz	0.0	5.551019191741943
data/cropped_nifti_suv/63839_pet.nii.gz	0.0	13.841583251953125
data/cropped_nifti_suv/63996_pet.nii.gz	0.0	59.60192108154297
data/cropped_nifti_suv/64443_pet.nii.gz	0.0	22.57538604736328
data/cropped_nifti_suv/64560_pet.nii.gz	5.07779186591506e-05	7.6281280517578125
data/cropped_nifti_suv/64640_pet.nii.gz	0.0	16.425535202026367
data/cropped_nifti_suv/64664_pet.nii.gz	0.0	16.074617385864258
data/cropped_nifti_suv/64694_pet.nii.gz	3.0620722100138664e-05	31.52701759338379
data/cropped_nifti_suv/64734_pet.nii.gz	0.0	7.183966636657715
data/cropped_nifti_suv/64841_pet.nii.gz	0.0	9.76974868774414
data/cropped_nifti_suv/64843_pet.nii.gz	0.0	15.064277648925781
data/cropped_nifti_suv/64940_pet.nii.gz	0.00013194869097787887	7.356062889099121
data/cropped_nifti_suv/65031_pet.nii.gz	0.0	10.841445922851562
data/cropped_nifti_suv/65062_pet.nii.gz	0.0003155147423967719	13.575318336486816
data/cropped_nifti_suv/65331_pet.nii.gz	0.0001261909055756405	26.23996353149414
data/cropped_nifti_suv/65364_pet.nii.gz	0.0	17.66115951538086
data/cropped_nifti_suv/65425_pet.nii.gz	0.0027963100001215935	111.15469360351562
data/cropped_nifti_suv/65433_pet.nii.gz	0.014962919987738132	31.47367286682129
data/cropped_nifti_suv/65606_pet.nii.gz	0.0	7.863321781158447
data/cropped_nifti_suv/65644_pet.nii.gz	0.0	7.9705963134765625
data/cropped_nifti_suv/65698_pet.nii.gz	0.0	6.822808742523193
data/cropped_nifti_suv/65717_pet.nii.gz	0.0	33.54016876220703
data/cropped_nifti_suv/66028_pet.nii.gz	0.0	23.768980026245117
data/cropped_nifti_suv/66034_pet.nii.gz	0.0	5.449478626251221
data/cropped_nifti_suv/66103_pet.nii.gz	0.0	8.380314826965332
data/cropped_nifti_suv/66266_pet.nii.gz	0.0	5.345984935760498
data/cropped_nifti_suv/66409_pet.nii.gz	0.0	7.05573034286499
data/cropped_nifti_suv/66711_pet.nii.gz	0.0	5.172982215881348
data/cropped_nifti_suv/66853_pet.nii.gz	0.0	5.8924174308776855
data/cropped_nifti_suv/66988_pet.nii.gz	0.0	17.13895606994629
data/cropped_nifti_suv/67126_pet.nii.gz	0.009008528664708138	7.383390426635742
data/cropped_nifti_suv/67486_pet.nii.gz	0.0015481517184525728	4.653743743896484
data/cropped_nifti_suv/67565_pet.nii.gz	0.0	13.359421730041504
data/cropped_nifti_suv/67654_pet.nii.gz	0.0	14.75557804107666
data/cropped_nifti_suv/67751_pet.nii.gz	0.0	6.06216287612915
data/cropped_nifti_suv/67788_pet.nii.gz	0.0	5.104188919067383
data/cropped_nifti_suv/67844_pet.nii.gz	0.0	14.749763488769531
data/cropped_nifti_suv/68044_pet.nii.gz	0.0	7.954422473907471
data/cropped_nifti_suv/68203_pet.nii.gz	0.0	65.34461975097656
data/cropped_nifti_suv/68214_pet.nii.gz	0.002828471129760146	14.775932312011719
data/cropped_nifti_suv/68376_pet.nii.gz	0.0	20.82118034362793
data/cropped_nifti_suv/68403_pet.nii.gz	0.0	8.288420677185059
data/cropped_nifti_suv/68604_pet.nii.gz	0.0016118967905640602	13.897774696350098
data/cropped_nifti_suv/68755_pet.nii.gz	0.0002919735270552337	8.871009826660156
data/cropped_nifti_suv/68836_pet.nii.gz	0.0	23.053762435913086
data/cropped_nifti_suv/68919_pet.nii.gz	0.0	5.417001724243164
data/cropped_nifti_suv/69056_pet.nii.gz	0.0	6.136747360229492
data/cropped_nifti_suv/69119_pet.nii.gz	0.0	7.10572624206543
data/cropped_nifti_suv/69136_pet.nii.gz	0.0	4.880193710327148
data/cropped_nifti_suv/69179_pet.nii.gz	0.0	6.743119239807129
data/cropped_nifti_suv/69192_pet.nii.gz	0.0008129385532811284	8.626986503601074
data/cropped_nifti_suv/69217_pet.nii.gz	0.0	39.61149597167969
data/cropped_nifti_suv/69328_pet.nii.gz	0.0	146.95486450195312
data/cropped_nifti_suv/69479_pet.nii.gz	0.0	16.284820556640625
data/cropped_nifti_suv/69626_pet.nii.gz	0.0	6.507969856262207
data/cropped_nifti_suv/69738_pet.nii.gz	0.0	15.518026351928711
data/cropped_nifti_suv/69759_pet.nii.gz	0.0	5.60695219039917
data/cropped_nifti_suv/69788_pet.nii.gz	0.0	9.005403518676758
data/cropped_nifti_suv/69840_pet.nii.gz	0.0	11.504638671875
data/cropped_nifti_suv/69848_pet.nii.gz	0.0	24.576189041137695
data/cropped_nifti_suv/70158_pet.nii.gz	0.0	32.164520263671875
data/cropped_nifti_suv/70535_pet.nii.gz	0.0	5.862188339233398
data/cropped_nifti_suv/70611_pet.nii.gz	0.0	6.246774673461914
data/cropped_nifti_suv/70704_pet.nii.gz	0.0	10.75080680847168
data/cropped_nifti_suv/70742_pet.nii.gz	0.0	7.012111186981201
data/cropped_nifti_suv/70744_pet.nii.gz	0.0	7.297995090484619
data/cropped_nifti_suv/70777_pet.nii.gz	0.0	19.389562606811523
data/cropped_nifti_suv/70877_pet.nii.gz	0.014526044018566608	19.029117584228516
data/cropped_nifti_suv/70878_pet.nii.gz	6.827200559200719e-05	7.058983325958252
data/cropped_nifti_suv/71057_pet.nii.gz	0.0	25.31607437133789
data/cropped_nifti_suv/71067_pet.nii.gz	0.0	12.917520523071289
data/cropped_nifti_suv/71154_pet.nii.gz	0.0	7.190211296081543
data/cropped_nifti_suv/71158_pet.nii.gz	0.0	5.466379642486572
data/cropped_nifti_suv/71232_pet.nii.gz	0.0	7.94446325302124
data/cropped_nifti_suv/71340_pet.nii.gz	0.0	18.728755950927734
data/cropped_nifti_suv/71507_pet.nii.gz	0.0	28.110977172851562
data/cropped_nifti_suv/71524_pet.nii.gz	0.0	8.366833686828613
data/cropped_nifti_suv/71611_pet.nii.gz	0.004729346372187138	58.2513542175293
data/cropped_nifti_suv/71628_pet.nii.gz	0.0001832771085901186	10.565406799316406
data/cropped_nifti_suv/71657_pet.nii.gz	0.0	7.40726375579834
data/cropped_nifti_suv/71754_pet.nii.gz	0.0	7.049831390380859
data/cropped_nifti_suv/71799_pet.nii.gz	0.0	16.038957595825195
data/cropped_nifti_suv/71930_pet.nii.gz	0.0	93.22322845458984
data/cropped_nifti_suv/72175_pet.nii.gz	0.0	13.721080780029297
data/cropped_nifti_suv/72277_pet.nii.gz	0.0	5.859787464141846
data/cropped_nifti_suv/72402_pet.nii.gz	0.0	11.804756164550781
data/cropped_nifti_suv/72485_pet.nii.gz	0.0	20.067485809326172
data/cropped_nifti_suv/72597_pet.nii.gz	0.0	6.771114349365234
data/cropped_nifti_suv/72697_pet.nii.gz	0.0	46.801700592041016
data/cropped_nifti_suv/72800_pet.nii.gz	5.629455336020328e-05	8.126409530639648
data/cropped_nifti_suv/72949_pet.nii.gz	0.0005836036871187389	18.94588851928711
data/cropped_nifti_suv/72959_pet.nii.gz	0.0004780229355674237	11.354591369628906
data/cropped_nifti_suv/72960_pet.nii.gz	0.0	39.668006896972656
data/cropped_nifti_suv/73036_pet.nii.gz	0.02664773538708687	11.13320255279541
data/cropped_nifti_suv/73050_pet.nii.gz	0.0	17.177392959594727
data/cropped_nifti_suv/73135_pet.nii.gz	0.0	12.391987800598145
data/cropped_nifti_suv/73260_pet.nii.gz	0.0002403144899290055	11.881779670715332
data/cropped_nifti_suv/73292_pet.nii.gz	0.0	48.71685791015625
data/cropped_nifti_suv/73348_pet.nii.gz	0.0022588036954402924	5.483341217041016
data/cropped_nifti_suv/73483_pet.nii.gz	0.0	11.0329008102417
data/cropped_nifti_suv/73550_pet.nii.gz	0.0	6.537209987640381
data/cropped_nifti_suv/73946_pet.nii.gz	0.0006782725686207414	10.126725196838379
data/cropped_nifti_suv/74117_pet.nii.gz	0.0026927173603326082	15.85202693939209
data/cropped_nifti_suv/74176_pet.nii.gz	0.0	51.35358810424805
data/cropped_nifti_suv/74404_pet.nii.gz	0.0	7.830271244049072
data/cropped_nifti_suv/74422_pet.nii.gz	0.0	8.51723861694336
data/cropped_nifti_suv/74525_pet.nii.gz	0.006698158569633961	36.40850830078125
data/cropped_nifti_suv/74533_pet.nii.gz	0.0	21.819303512573242
data/cropped_nifti_suv/74596_pet.nii.gz	0.0	5.548641681671143
data/cropped_nifti_suv/74644_pet.nii.gz	0.0	140.25607299804688
data/cropped_nifti_suv/74691_pet.nii.gz	0.0	15.299908638000488
data/cropped_nifti_suv/75017_pet.nii.gz	0.0	16.986534118652344
data/cropped_nifti_suv/75023_pet.nii.gz	0.0	10.975153923034668
data/cropped_nifti_suv/75043_pet.nii.gz	0.0	32.0068473815918
data/cropped_nifti_suv/75254_pet.nii.gz	0.0	11.538641929626465
data/cropped_nifti_suv/75287_pet.nii.gz	0.0	6.866911888122559
data/cropped_nifti_suv/75375_pet.nii.gz	0.0	6.263254642486572
data/cropped_nifti_suv/75450_pet.nii.gz	0.0	7.101035118103027
data/cropped_nifti_suv/75515_pet.nii.gz	0.0	6.735782623291016
data/cropped_nifti_suv/75738_pet.nii.gz	0.0685238167643547	21.491559982299805
data/cropped_nifti_suv/75809_pet.nii.gz	0.0	22.117063522338867
data/cropped_nifti_suv/75810_pet.nii.gz	0.0001811573893064633	35.70656967163086
data/cropped_nifti_suv/75852_pet.nii.gz	0.031349800527095795	43.89632034301758
data/cropped_nifti_suv/75937_pet.nii.gz	0.0	23.542707443237305
data/cropped_nifti_suv/76315_pet.nii.gz	0.0	18.808517456054688
data/cropped_nifti_suv/76372_pet.nii.gz	0.0	6.994183540344238
data/cropped_nifti_suv/76386_pet.nii.gz	0.0	24.191925048828125
data/cropped_nifti_suv/76413_pet.nii.gz	0.0	50.57926940917969
data/cropped_nifti_suv/76425_pet.nii.gz	0.0	81.72151947021484
data/cropped_nifti_suv/76458_pet.nii.gz	0.0	7.582099914550781
data/cropped_nifti_suv/76486_pet.nii.gz	0.0	82.79838562011719
data/cropped_nifti_suv/76545_pet.nii.gz	0.0	65.31088256835938
data/cropped_nifti_suv/76580_pet.nii.gz	0.0	10.041438102722168
data/cropped_nifti_suv/76774_pet.nii.gz	0.0	10.97514820098877
data/cropped_nifti_suv/76794_pet.nii.gz	0.0	40.007530212402344
data/cropped_nifti_suv/76872_pet.nii.gz	0.0	15.070011138916016
data/cropped_nifti_suv/77058_pet.nii.gz	0.010158385150134563	9.83621883392334
data/cropped_nifti_suv/77117_pet.nii.gz	6.828574987594038e-05	13.991703033447266
data/cropped_nifti_suv/77229_pet.nii.gz	0.0	10.992485046386719
data/cropped_nifti_suv/77249_pet.nii.gz	0.0	15.190414428710938
data/cropped_nifti_suv/77268_pet.nii.gz	0.0	13.858047485351562
data/cropped_nifti_suv/77312_pet.nii.gz	0.0	8.85328483581543
data/cropped_nifti_suv/77338_pet.nii.gz	0.0	5.321267604827881
data/cropped_nifti_suv/77386_pet.nii.gz	0.0	15.864241600036621
data/cropped_nifti_suv/77479_pet.nii.gz	0.00030432132189162076	6.951437950134277
data/cropped_nifti_suv/77481_pet.nii.gz	0.0	7.186524868011475
data/cropped_nifti_suv/77584_pet.nii.gz	0.0	12.050553321838379
data/cropped_nifti_suv/77636_pet.nii.gz	0.0	8.431005477905273
data/cropped_nifti_suv/77694_pet.nii.gz	0.0	30.206802368164062
data/cropped_nifti_suv/77741_pet.nii.gz	0.018364768475294113	12.568286895751953
data/cropped_nifti_suv/77934_pet.nii.gz	0.0	29.231603622436523
data/cropped_nifti_suv/78006_pet.nii.gz	0.001080315443687141	12.007704734802246
data/cropped_nifti_suv/78053_pet.nii.gz	0.01681765541434288	94.25959777832031
data/cropped_nifti_suv/78091_pet.nii.gz	0.0	62.54231262207031
data/cropped_nifti_suv/78155_pet.nii.gz	0.0	26.011613845825195
data/cropped_nifti_suv/78199_pet.nii.gz	0.0	9.728696823120117
data/cropped_nifti_suv/78243_pet.nii.gz	0.0	37.430274963378906
data/cropped_nifti_suv/78328_pet.nii.gz	0.0	68.9287338256836
data/cropped_nifti_suv/78492_pet.nii.gz	0.0	8.028594017028809
data/cropped_nifti_suv/78671_pet.nii.gz	0.0	12.307229042053223
data/cropped_nifti_suv/78710_pet.nii.gz	0.010988580994307995	11.79257869720459
data/cropped_nifti_suv/78715_pet.nii.gz	0.0	9.99886703491211
data/cropped_nifti_suv/78755_pet.nii.gz	0.0	10.367840766906738
data/cropped_nifti_suv/78880_pet.nii.gz	0.0	5.642458915710449
data/cropped_nifti_suv/78892_pet.nii.gz	0.002676616655662656	12.541086196899414
data/cropped_nifti_suv/78967_pet.nii.gz	0.0	13.49173355102539
data/cropped_nifti_suv/78989_pet.nii.gz	0.0	9.221209526062012
data/cropped_nifti_suv/79108_pet.nii.gz	0.0	6.394482135772705
data/cropped_nifti_suv/79118_pet.nii.gz	8.127895125653595e-05	34.05367660522461
data/cropped_nifti_suv/79213_pet.nii.gz	0.00011751278361771256	95.51858520507812
data/cropped_nifti_suv/79244_pet.nii.gz	0.002795145148411393	22.75527572631836
data/cropped_nifti_suv/79293_pet.nii.gz	0.0	15.744251251220703
data/cropped_nifti_suv/79294_pet.nii.gz	0.0009836787357926369	16.15003776550293
data/cropped_nifti_suv/79317_pet.nii.gz	0.0	23.178342819213867
data/cropped_nifti_suv/79405_pet.nii.gz	0.001075312145985663	18.403968811035156
data/cropped_nifti_suv/79449_pet.nii.gz	0.0001515191834187135	6.982933521270752
data/cropped_nifti_suv/79488_pet.nii.gz	0.0	38.958412170410156
data/cropped_nifti_suv/79525_pet.nii.gz	0.0	12.919095993041992
data/cropped_nifti_suv/79643_pet.nii.gz	0.0007758002611808479	40.753257751464844
data/cropped_nifti_suv/79764_pet.nii.gz	0.0	21.81463623046875
data/cropped_nifti_suv/79811_pet.nii.gz	0.04063133895397186	15.460223197937012
data/cropped_nifti_suv/79915_pet.nii.gz	0.0001458513579564169	65.9632797241211
data/cropped_nifti_suv/80093_pet.nii.gz	0.0	3.625811815261841
data/cropped_nifti_suv/80134_pet.nii.gz	0.0	50.957393646240234
data/cropped_nifti_suv/80169_pet.nii.gz	0.0008620618609711528	18.364503860473633
data/cropped_nifti_suv/80279_pet.nii.gz	0.03923516348004341	7.597609043121338
data/cropped_nifti_suv/80299_pet.nii.gz	0.0	22.530973434448242
data/cropped_nifti_suv/80561_pet.nii.gz	3.103521521552466e-05	13.95494556427002
data/cropped_nifti_suv/80662_pet.nii.gz	0.0	27.325721740722656
data/cropped_nifti_suv/80769_pet.nii.gz	0.0	19.611534118652344
data/cropped_nifti_suv/80798_pet.nii.gz	0.0	22.106029510498047
data/cropped_nifti_suv/80849_pet.nii.gz	0.0	12.199907302856445
data/cropped_nifti_suv/80919_pet.nii.gz	0.0	30.333372116088867
data/cropped_nifti_suv/80976_pet.nii.gz	0.0	5.980984687805176
data/cropped_nifti_suv/81046_pet.nii.gz	0.0	29.814586639404297
data/cropped_nifti_suv/81054_pet.nii.gz	0.0	8.719958305358887
data/cropped_nifti_suv/81153_pet.nii.gz	0.0	3.7219927310943604
data/cropped_nifti_suv/81313_pet.nii.gz	5.013508416595869e-05	12.80412769317627
data/cropped_nifti_suv/81384_pet.nii.gz	0.006786487065255642	16.978185653686523
data/cropped_nifti_suv/81470_pet.nii.gz	0.0011787269031628966	5.1722540855407715
data/cropped_nifti_suv/81482_pet.nii.gz	0.0	6.732151985168457
data/cropped_nifti_suv/81630_pet.nii.gz	0.0	42.311622619628906
data/cropped_nifti_suv/81801_pet.nii.gz	0.0	15.183472633361816
data/cropped_nifti_suv/81832_pet.nii.gz	0.0	40.23539352416992
data/cropped_nifti_suv/82018_pet.nii.gz	0.0	15.436410903930664
data/cropped_nifti_suv/82172_pet.nii.gz	0.0	31.401487350463867
data/cropped_nifti_suv/82253_pet.nii.gz	0.0	57.13474655151367
data/cropped_nifti_suv/82290_pet.nii.gz	0.0	49.300140380859375
data/cropped_nifti_suv/82341_pet.nii.gz	0.0	28.834518432617188
data/cropped_nifti_suv/82351_pet.nii.gz	0.0	8.965705871582031
data/cropped_nifti_suv/82378_pet.nii.gz	0.0	20.417619705200195
data/cropped_nifti_suv/82408_pet.nii.gz	0.0	18.63601303100586
data/cropped_nifti_suv/82749_pet.nii.gz	0.0	9.851419448852539
data/cropped_nifti_suv/82946_pet.nii.gz	0.0	20.246723175048828
data/cropped_nifti_suv/82984_pet.nii.gz	0.0	10.208270072937012
data/cropped_nifti_suv/83014_pet.nii.gz	0.0	185.7305908203125
data/cropped_nifti_suv/83075_pet.nii.gz	0.0005684595089405775	9.259145736694336
data/cropped_nifti_suv/83091_pet.nii.gz	0.0	6.061246871948242
data/cropped_nifti_suv/83303_pet.nii.gz	0.0	93.09114074707031
data/cropped_nifti_suv/83414_pet.nii.gz	0.0	26.03624725341797
data/cropped_nifti_suv/83483_pet.nii.gz	0.0007989737205207348	11.322525024414062
data/cropped_nifti_suv/83677_pet.nii.gz	0.0	10.294633865356445
data/cropped_nifti_suv/83866_pet.nii.gz	0.0	3.887601613998413
data/cropped_nifti_suv/83873_pet.nii.gz	0.0	23.00212860107422
data/cropped_nifti_suv/83943_pet.nii.gz	0.0	8.490334510803223
data/cropped_nifti_suv/84124_pet.nii.gz	0.0	6.317511081695557
data/cropped_nifti_suv/84129_pet.nii.gz	0.0	4.0821404457092285
data/cropped_nifti_suv/84304_pet.nii.gz	0.0	4.916081428527832
data/cropped_nifti_suv/84338_pet.nii.gz	0.0011771114077419043	5.445317268371582
data/cropped_nifti_suv/84553_pet.nii.gz	0.0	33.38044738769531
data/cropped_nifti_suv/84656_pet.nii.gz	0.008398004807531834	9.468750953674316
data/cropped_nifti_suv/84704_pet.nii.gz	0.0	0.33017146587371826
data/cropped_nifti_suv/84824_pet.nii.gz	0.0	4.660942554473877
data/cropped_nifti_suv/84878_pet.nii.gz	0.0	14.242009162902832
data/cropped_nifti_suv/84926_pet.nii.gz	0.0032940502278506756	9.501688003540039
data/cropped_nifti_suv/85148_pet.nii.gz	0.0	192.90444946289062
data/cropped_nifti_suv/85162_pet.nii.gz	0.0	5.065445423126221
data/cropped_nifti_suv/85228_pet.nii.gz	0.017302444204688072	6.821488380432129
data/cropped_nifti_suv/85240_pet.nii.gz	0.0	12.970474243164062
data/cropped_nifti_suv/85245_pet.nii.gz	0.0008869660086929798	14.40777587890625
data/cropped_nifti_suv/85284_pet.nii.gz	0.001684660674072802	55.20127868652344
data/cropped_nifti_suv/85294_pet.nii.gz	0.0	11.001670837402344
data/cropped_nifti_suv/85329_pet.nii.gz	0.0	6.589025974273682
data/cropped_nifti_suv/85357_pet.nii.gz	0.0	11.790834426879883
data/cropped_nifti_suv/85452_pet.nii.gz	0.014737488701939583	120.72582244873047
data/cropped_nifti_suv/85458_pet.nii.gz	0.0	35.215614318847656
data/cropped_nifti_suv/85518_pet.nii.gz	0.0	157.80026245117188
data/cropped_nifti_suv/85519_pet.nii.gz	0.0	5.280473709106445
data/cropped_nifti_suv/85569_pet.nii.gz	0.0	6.10337495803833
data/cropped_nifti_suv/85689_pet.nii.gz	0.0	11.65600299835205
data/cropped_nifti_suv/85703_pet.nii.gz	3.589712650864385e-05	8.165181159973145
data/cropped_nifti_suv/85838_pet.nii.gz	0.0	5.817525863647461
data/cropped_nifti_suv/85893_pet.nii.gz	0.0	12.43062973022461
data/cropped_nifti_suv/85915_pet.nii.gz	0.0	44.35502243041992
data/cropped_nifti_suv/86009_pet.nii.gz	0.0	8.131110191345215
data/cropped_nifti_suv/86101_pet.nii.gz	0.0	5.071290493011475
data/cropped_nifti_suv/86154_pet.nii.gz	3.36530756612774e-05	15.989080429077148
data/cropped_nifti_suv/86230_pet.nii.gz	0.0	8.195035934448242
data/cropped_nifti_suv/86249_pet.nii.gz	0.0	7.457625389099121
data/cropped_nifti_suv/86404_pet.nii.gz	0.0	8.20767879486084
data/cropped_nifti_suv/86512_pet.nii.gz	0.0	6.080491542816162
data/cropped_nifti_suv/86591_pet.nii.gz	0.0	22.87570571899414
data/cropped_nifti_suv/86752_pet.nii.gz	0.0	4.649336338043213
data/cropped_nifti_suv/86810_pet.nii.gz	0.00041558497468940914	41.046634674072266
data/cropped_nifti_suv/86836_pet.nii.gz	0.0003319543320685625	12.814361572265625
data/cropped_nifti_suv/86841_pet.nii.gz	0.0	66.41686248779297
data/cropped_nifti_suv/86930_pet.nii.gz	0.002419115509837866	79.26715087890625
data/cropped_nifti_suv/87016_pet.nii.gz	0.0	9.648835182189941
data/cropped_nifti_suv/87092_pet.nii.gz	0.0	29.042755126953125
data/cropped_nifti_suv/87267_pet.nii.gz	0.0	78.6805648803711
data/cropped_nifti_suv/87333_pet.nii.gz	0.0	22.5444393157959
data/cropped_nifti_suv/87490_pet.nii.gz	0.0	42.112552642822266
data/cropped_nifti_suv/87562_pet.nii.gz	0.0	13.072609901428223
data/cropped_nifti_suv/87603_pet.nii.gz	0.0	10.526257514953613
data/cropped_nifti_suv/87730_pet.nii.gz	0.0	7.45302152633667
data/cropped_nifti_suv/87738_pet.nii.gz	0.006068019196391106	20.68891143798828
data/cropped_nifti_suv/87766_pet.nii.gz	0.0	18.450490951538086
data/cropped_nifti_suv/87922_pet.nii.gz	0.0	5.646917343139648
data/cropped_nifti_suv/87946_pet.nii.gz	0.0	23.625768661499023
data/cropped_nifti_suv/88017_pet.nii.gz	0.0	7.747774600982666
data/cropped_nifti_suv/88070_pet.nii.gz	3.667635246529244e-05	29.665124893188477
data/cropped_nifti_suv/88160_pet.nii.gz	0.0	7.181361675262451
data/cropped_nifti_suv/88198_pet.nii.gz	0.0	28.34832191467285
data/cropped_nifti_suv/88505_pet.nii.gz	0.0	50.02622604370117
data/cropped_nifti_suv/88554_pet.nii.gz	0.03128279745578766	8.05624008178711
data/cropped_nifti_suv/88569_pet.nii.gz	0.0002546811301726848	8.388901710510254
data/cropped_nifti_suv/88717_pet.nii.gz	0.0	6.355064392089844
data/cropped_nifti_suv/88817_pet.nii.gz	0.0011613962706178427	19.78452491760254
data/cropped_nifti_suv/88916_pet.nii.gz	0.0	10.355962753295898
data/cropped_nifti_suv/89048_pet.nii.gz	0.01850605010986328	11.745558738708496
data/cropped_nifti_suv/89068_pet.nii.gz	0.0009971149265766144	5.15308952331543
data/cropped_nifti_suv/89223_pet.nii.gz	0.0	12.771245956420898
data/cropped_nifti_suv/89225_pet.nii.gz	0.0	7.614255905151367
data/cropped_nifti_suv/89487_pet.nii.gz	0.0	26.22286605834961
data/cropped_nifti_suv/89507_pet.nii.gz	0.0	37.018009185791016
data/cropped_nifti_suv/89590_pet.nii.gz	0.0	5.785068511962891
data/cropped_nifti_suv/89790_pet.nii.gz	0.0	26.871204376220703
data/cropped_nifti_suv/89802_pet.nii.gz	0.0	5.3532609939575195
data/cropped_nifti_suv/89853_pet.nii.gz	0.022260289639234543	26.200361251831055
data/cropped_nifti_suv/89894_pet.nii.gz	0.0	19.11771011352539
data/cropped_nifti_suv/89901_pet.nii.gz	0.00047828699462115765	6.565912246704102
data/cropped_nifti_suv/89969_pet.nii.gz	0.0	5.091915130615234
data/cropped_nifti_suv/90020_pet.nii.gz	0.0	5.963508605957031
data/cropped_nifti_suv/90024_pet.nii.gz	0.0	15.182847023010254
data/cropped_nifti_suv/90043_pet.nii.gz	0.0	7.739630222320557
data/cropped_nifti_suv/90094_pet.nii.gz	0.007499412167817354	5.812044620513916
data/cropped_nifti_suv/90184_pet.nii.gz	0.0	10.09544849395752
data/cropped_nifti_suv/90264_pet.nii.gz	0.0	9.432157516479492
data/cropped_nifti_suv/90310_pet.nii.gz	0.0	22.92346954345703
data/cropped_nifti_suv/90406_pet.nii.gz	0.0	49.99635696411133
data/cropped_nifti_suv/90605_pet.nii.gz	6.480738375103101e-05	6.684751033782959
data/cropped_nifti_suv/90614_pet.nii.gz	0.0	13.245760917663574
data/cropped_nifti_suv/90649_pet.nii.gz	0.0	3.35148024559021
data/cropped_nifti_suv/90650_pet.nii.gz	0.0	3.3698372840881348
data/cropped_nifti_suv/90687_pet.nii.gz	0.0	73.04147338867188
data/cropped_nifti_suv/90853_pet.nii.gz	0.0002813750470522791	52.56394577026367
data/cropped_nifti_suv/90990_pet.nii.gz	0.0	118.09613037109375
data/cropped_nifti_suv/91412_pet.nii.gz	0.0	35.98891067504883
data/cropped_nifti_suv/91420_pet.nii.gz	0.008046848699450493	5.522820949554443
data/cropped_nifti_suv/91740_pet.nii.gz	3.623480733949691e-05	28.46835708618164
data/cropped_nifti_suv/91767_pet.nii.gz	0.0	15.501124382019043
data/cropped_nifti_suv/91871_pet.nii.gz	0.0	5.967100620269775
data/cropped_nifti_suv/91900_pet.nii.gz	0.0	8.262805938720703
data/cropped_nifti_suv/91951_pet.nii.gz	0.0	137.81500244140625
data/cropped_nifti_suv/92039_pet.nii.gz	0.0	7.381465435028076
data/cropped_nifti_suv/92192_pet.nii.gz	0.00012315038475207984	20.282732009887695
data/cropped_nifti_suv/92272_pet.nii.gz	0.0	16.17742919921875
data/cropped_nifti_suv/92303_pet.nii.gz	0.0	11.291380882263184
data/cropped_nifti_suv/92371_pet.nii.gz	0.001763617736287415	13.246365547180176
data/cropped_nifti_suv/92427_pet.nii.gz	0.0	13.13224983215332
data/cropped_nifti_suv/92791_pet.nii.gz	0.0	6.6866350173950195
data/cropped_nifti_suv/92933_pet.nii.gz	0.0	28.3690128326416
data/cropped_nifti_suv/92946_pet.nii.gz	0.0	18.03928565979004
data/cropped_nifti_suv/92992_pet.nii.gz	9.903308091452345e-05	9.343655586242676
data/cropped_nifti_suv/93042_pet.nii.gz	0.0	10.981855392456055
data/cropped_nifti_suv/93093_pet.nii.gz	0.0	41.4842529296875
data/cropped_nifti_suv/93301_pet.nii.gz	0.001502030179835856	22.887937545776367
data/cropped_nifti_suv/93388_pet.nii.gz	0.0006658908678218722	11.755517959594727
data/cropped_nifti_suv/93550_pet.nii.gz	0.0	4.951892852783203
data/cropped_nifti_suv/93554_pet.nii.gz	0.0	5.840636253356934
data/cropped_nifti_suv/93631_pet.nii.gz	0.0	13.15672779083252
data/cropped_nifti_suv/93875_pet.nii.gz	0.0	38.36561965942383
data/cropped_nifti_suv/93913_pet.nii.gz	0.0	22.90381622314453
data/cropped_nifti_suv/94035_pet.nii.gz	0.0	12.700048446655273
data/cropped_nifti_suv/94230_pet.nii.gz	0.0	41.14573287963867
data/cropped_nifti_suv/94342_pet.nii.gz	0.0	69.20162963867188
data/cropped_nifti_suv/94454_pet.nii.gz	0.0	80.90962982177734
data/cropped_nifti_suv/94685_pet.nii.gz	0.0	8.560359954833984
data/cropped_nifti_suv/94709_pet.nii.gz	0.0	7.599961280822754
data/cropped_nifti_suv/94712_pet.nii.gz	0.0	9.5559720993042
data/cropped_nifti_suv/94820_pet.nii.gz	0.0	4.428807735443115
data/cropped_nifti_suv/94945_pet.nii.gz	0.004520522430539131	21.133441925048828
data/cropped_nifti_suv/94984_pet.nii.gz	0.0	3.41257905960083
data/cropped_nifti_suv/94987_pet.nii.gz	0.0003237058117520064	40.93418502807617
data/cropped_nifti_suv/95012_pet.nii.gz	0.0	18.51972770690918
data/cropped_nifti_suv/95072_pet.nii.gz	0.0	120.27030181884766
data/cropped_nifti_suv/95341_pet.nii.gz	0.0	10.125349998474121
data/cropped_nifti_suv/95548_pet.nii.gz	0.0	7.779496192932129
data/cropped_nifti_suv/95630_pet.nii.gz	0.0	6.458106517791748
data/cropped_nifti_suv/95653_pet.nii.gz	4.207281381241046e-05	9.368931770324707
data/cropped_nifti_suv/95730_pet.nii.gz	0.0	4.817408084869385
data/cropped_nifti_suv/95739_pet.nii.gz	0.0	5.011186122894287
data/cropped_nifti_suv/95773_pet.nii.gz	0.00016445144137833267	21.55322265625
data/cropped_nifti_suv/95798_pet.nii.gz	0.006403872277587652	11.071183204650879
data/cropped_nifti_suv/95841_pet.nii.gz	0.0	6.062455654144287
data/cropped_nifti_suv/95848_pet.nii.gz	3.9196922443807125e-05	13.85594367980957
data/cropped_nifti_suv/96001_pet.nii.gz	0.0	41.89617156982422
data/cropped_nifti_suv/96040_pet.nii.gz	3.3710082789184526e-05	17.993511199951172
data/cropped_nifti_suv/96096_pet.nii.gz	0.0	14.8627290725708
data/cropped_nifti_suv/96152_pet.nii.gz	0.0	73.23040771484375
data/cropped_nifti_suv/96249_pet.nii.gz	0.00013322001905180514	8.41721248626709
data/cropped_nifti_suv/96360_pet.nii.gz	0.0	45.72775650024414
data/cropped_nifti_suv/96362_pet.nii.gz	0.0	18.70611000061035
data/cropped_nifti_suv/96401_pet.nii.gz	0.0	9.348135948181152
data/cropped_nifti_suv/96459_pet.nii.gz	0.0	21.33018684387207
data/cropped_nifti_suv/96470_pet.nii.gz	0.0	36.453941345214844
data/cropped_nifti_suv/96646_pet.nii.gz	0.0	130.1407470703125
data/cropped_nifti_suv/96722_pet.nii.gz	3.92889414797537e-05	10.395261764526367
data/cropped_nifti_suv/96723_pet.nii.gz	0.001450468203984201	16.62091636657715
data/cropped_nifti_suv/96789_pet.nii.gz	0.0	19.8801212310791
data/cropped_nifti_suv/96840_pet.nii.gz	0.0	6.123942852020264
data/cropped_nifti_suv/96882_pet.nii.gz	0.0	13.510022163391113
data/cropped_nifti_suv/96983_pet.nii.gz	0.0	9.71789264678955
data/cropped_nifti_suv/97165_pet.nii.gz	0.0	32.973873138427734
data/cropped_nifti_suv/97205_pet.nii.gz	0.0	6.099732398986816
data/cropped_nifti_suv/97235_pet.nii.gz	0.00363015360198915	20.95687484741211
data/cropped_nifti_suv/97329_pet.nii.gz	7.881494821049273e-05	12.601236343383789
data/cropped_nifti_suv/97382_pet.nii.gz	0.0	3.4831836223602295
data/cropped_nifti_suv/97439_pet.nii.gz	0.0	3.9760565757751465
data/cropped_nifti_suv/97563_pet.nii.gz	0.0	8.529473304748535
data/cropped_nifti_suv/97954_pet.nii.gz	0.0	6.176518440246582
data/cropped_nifti_suv/98172_pet.nii.gz	0.0	15.927414894104004
data/cropped_nifti_suv/98323_pet.nii.gz	0.0	4.889692783355713
data/cropped_nifti_suv/98432_pet.nii.gz	0.0	10.242488861083984
data/cropped_nifti_suv/98778_pet.nii.gz	0.0	21.12790298461914
data/cropped_nifti_suv/98845_pet.nii.gz	0.0	10.868760108947754
data/cropped_nifti_suv/98945_pet.nii.gz	0.03990093991160393	11.394567489624023
data/cropped_nifti_suv/99029_pet.nii.gz	0.0	11.221630096435547
data/cropped_nifti_suv/99125_pet.nii.gz	0.0	13.093232154846191
data/cropped_nifti_suv/99155_pet.nii.gz	0.0	8.001144409179688
data/cropped_nifti_suv/99183_pet.nii.gz	0.0	6.189784526824951
data/cropped_nifti_suv/99190_pet.nii.gz	0.00023312060511671007	46.43251037597656
data/cropped_nifti_suv/99241_pet.nii.gz	0.0014055976644158363	18.494853973388672
data/cropped_nifti_suv/99301_pet.nii.gz	0.0	8.627699851989746
data/cropped_nifti_suv/99449_pet.nii.gz	0.0	9.7254056930542
data/cropped_nifti_suv/99514_pet.nii.gz	0.009901437908411026	12.885241508483887
data/cropped_nifti_suv/99577_pet.nii.gz	0.0	6.244481086730957
data/cropped_nifti_suv/99596_pet.nii.gz	0.0	33.368595123291016
data/cropped_nifti_suv/99684_pet.nii.gz	0.0	4.507534027099609
data/cropped_nifti_suv/99819_pet.nii.gz	0.0	11.563410758972168
data/cropped_nifti_suv/99958_pet.nii.gz	0.0	7.29368257522583
data/cropped_nifti_suv/T_00202_pet.nii.gz	0.0	12.952592849731445
data/cropped_nifti_suv/T_00321_pet.nii.gz	0.0	21.835866928100586
data/cropped_nifti_suv/T_00758_pet.nii.gz	0.0	5.38001012802124
data/cropped_nifti_suv/T_01120_pet.nii.gz	0.0	6.635629653930664
data/cropped_nifti_suv/T_02286_pet.nii.gz	0.0	8.684174537658691
data/cropped_nifti_suv/T_02449_pet.nii.gz	0.0015272687887772918	78.85460662841797
data/cropped_nifti_suv/T_02513_pet.nii.gz	0.0	7.764184474945068
data/cropped_nifti_suv/T_02586_pet.nii.gz	0.0	24.202960968017578
data/cropped_nifti_suv/T_04557_pet.nii.gz	0.0	6.562742233276367
data/cropped_nifti_suv/T_04831_pet.nii.gz	0.0	9.911783218383789
data/cropped_nifti_suv/T_04846_pet.nii.gz	0.00027388890157453716	28.75861358642578
data/cropped_nifti_suv/T_04911_pet.nii.gz	0.021423159167170525	14.065412521362305
data/cropped_nifti_suv/T_04960_pet.nii.gz	0.0	50.078922271728516
data/cropped_nifti_suv/T_05358_pet.nii.gz	0.0	7.708788871765137
data/cropped_nifti_suv/T_05383_pet.nii.gz	0.0	12.940878868103027
data/cropped_nifti_suv/T_05494_pet.nii.gz	0.0014919009990990162	23.89130210876465
data/cropped_nifti_suv/T_05666_pet.nii.gz	0.0	40.28459167480469
data/cropped_nifti_suv/T_06434_pet.nii.gz	0.0	11.613258361816406
data/cropped_nifti_suv/T_06614_pet.nii.gz	0.0013737512053921819	3.0203359127044678
data/cropped_nifti_suv/T_06700_pet.nii.gz	0.0	13.776606559753418
data/cropped_nifti_suv/T_07593_pet.nii.gz	0.0	11.73271656036377
data/cropped_nifti_suv/T_08645_pet.nii.gz	0.0	9.754171371459961
data/cropped_nifti_suv/T_09628_pet.nii.gz	0.0	12.67570686340332
data/cropped_nifti_suv/T_09646_pet.nii.gz	0.0	8.508401870727539
data/cropped_nifti_suv/T_10435_pet.nii.gz	0.0	6.428965091705322
data/cropped_nifti_suv/T_10857_pet.nii.gz	0.0	15.3004789352417
data/cropped_nifti_suv/T_11318_pet.nii.gz	0.0	87.1727294921875
data/cropped_nifti_suv/T_12120_pet.nii.gz	0.0	26.191160202026367
data/cropped_nifti_suv/T_13953_pet.nii.gz	0.0	5.075092315673828
data/cropped_nifti_suv/T_14075_pet.nii.gz	0.0	21.049915313720703
data/cropped_nifti_suv/T_14179_pet.nii.gz	0.003612309927120805	6.025332927703857
data/cropped_nifti_suv/T_14316_pet.nii.gz	0.0026789347175508738	8.591343879699707
data/cropped_nifti_suv/T_14757_pet.nii.gz	0.0	10.560985565185547
data/cropped_nifti_suv/T_15014_pet.nii.gz	0.0	44.69935607910156
data/cropped_nifti_suv/T_15039_pet.nii.gz	0.0	12.265422821044922
data/cropped_nifti_suv/T_15619_pet.nii.gz	0.0	8.6517915725708
data/cropped_nifti_suv/T_15916_pet.nii.gz	0.0	13.94463062286377
data/cropped_nifti_suv/T_16078_pet.nii.gz	4.016815000795759e-05	6.137521266937256
data/cropped_nifti_suv/T_16265_pet.nii.gz	0.006085292436182499	7.305393218994141
data/cropped_nifti_suv/T_16515_pet.nii.gz	0.0	19.03135871887207
data/cropped_nifti_suv/T_17737_pet.nii.gz	0.0	28.093612670898438
data/cropped_nifti_suv/T_18274_pet.nii.gz	0.0	17.213932037353516
data/cropped_nifti_suv/T_18319_pet.nii.gz	0.0	16.854095458984375
data/cropped_nifti_suv/T_19266_pet.nii.gz	0.0	21.74052619934082
data/cropped_nifti_suv/T_19626_pet.nii.gz	0.0	15.865287780761719
data/cropped_nifti_suv/T_20333_pet.nii.gz	0.0	32.57102584838867
data/cropped_nifti_suv/T_20947_pet.nii.gz	3.539150202414021e-05	12.210220336914062
data/cropped_nifti_suv/T_21325_pet.nii.gz	0.0	11.500102043151855
data/cropped_nifti_suv/T_21567_pet.nii.gz	0.0	11.591809272766113
data/cropped_nifti_suv/T_22172_pet.nii.gz	0.0009706696728244424	12.47668170928955
data/cropped_nifti_suv/T_22240_pet.nii.gz	0.011060469783842564	90.60460662841797
data/cropped_nifti_suv/T_22706_pet.nii.gz	0.0	16.661222457885742
data/cropped_nifti_suv/T_22941_pet.nii.gz	0.0	29.967487335205078
data/cropped_nifti_suv/T_23712_pet.nii.gz	0.0	62.390892028808594
data/cropped_nifti_suv/T_23751_pet.nii.gz	0.0	136.4961395263672
data/cropped_nifti_suv/T_24242_pet.nii.gz	0.0	12.63741397857666
data/cropped_nifti_suv/T_24782_pet.nii.gz	0.001605485798791051	7.935915946960449
data/cropped_nifti_suv/T_24915_pet.nii.gz	0.0003608398837968707	28.661497116088867
data/cropped_nifti_suv/T_25540_pet.nii.gz	0.015617902390658855	30.72822380065918
data/cropped_nifti_suv/T_26530_pet.nii.gz	0.0	7.085264205932617
data/cropped_nifti_suv/T_27435_pet.nii.gz	0.0	15.636852264404297
data/cropped_nifti_suv/T_27477_pet.nii.gz	0.0	11.417986869812012
data/cropped_nifti_suv/T_27730_pet.nii.gz	0.027340712025761604	12.131464958190918
data/cropped_nifti_suv/T_27856_pet.nii.gz	-0.6263871192932129	1.877326250076294
data/cropped_nifti_suv/T_28330_pet.nii.gz	0.0	18.2993221282959
data/cropped_nifti_suv/T_28375_pet.nii.gz	0.011650926433503628	10.360586166381836
data/cropped_nifti_suv/T_30295_pet.nii.gz	0.003920677583664656	27.528366088867188
data/cropped_nifti_suv/T_30740_pet.nii.gz	4.714453098131344e-05	10.50928783416748
data/cropped_nifti_suv/T_33263_pet.nii.gz	0.0	84.37715911865234
data/cropped_nifti_suv/T_33335_pet.nii.gz	0.0	52.356597900390625
data/cropped_nifti_suv/T_33372_pet.nii.gz	0.0	66.50284576416016
data/cropped_nifti_suv/T_34340_pet.nii.gz	0.0	25.440946578979492
data/cropped_nifti_suv/T_36284_pet.nii.gz	0.0	16.060209274291992
data/cropped_nifti_suv/T_37107_pet.nii.gz	0.0014664814807474613	16.57857322692871
data/cropped_nifti_suv/T_37117_pet.nii.gz	0.0	8.92530632019043
data/cropped_nifti_suv/T_37239_pet.nii.gz	0.0	119.817138671875
data/cropped_nifti_suv/T_37295_pet.nii.gz	3.042644493689295e-05	11.493399620056152
data/cropped_nifti_suv/T_37996_pet.nii.gz	0.0	7.190260887145996
data/cropped_nifti_suv/T_38929_pet.nii.gz	0.0	6.613824844360352
data/cropped_nifti_suv/T_39001_pet.nii.gz	0.0	20.327816009521484
data/cropped_nifti_suv/T_40033_pet.nii.gz	0.0	38.981964111328125
data/cropped_nifti_suv/T_40054_pet.nii.gz	0.0	10.078993797302246
data/cropped_nifti_suv/T_40131_pet.nii.gz	8.14790473668836e-05	6.660301208496094
data/cropped_nifti_suv/T_40469_pet.nii.gz	0.0	51.701210021972656
data/cropped_nifti_suv/T_41025_pet.nii.gz	0.0	9.752851486206055
data/cropped_nifti_suv/T_41155_pet.nii.gz	0.0	38.518836975097656
data/cropped_nifti_suv/T_41186_pet.nii.gz	0.0029223202727735043	0.5784367918968201
data/cropped_nifti_suv/T_41516_pet.nii.gz	0.0	43.97344970703125
data/cropped_nifti_suv/T_41785_pet.nii.gz	0.0	17.535964965820312
data/cropped_nifti_suv/T_42672_pet.nii.gz	0.0	15.512508392333984
data/cropped_nifti_suv/T_43186_pet.nii.gz	0.0	12.9796142578125
data/cropped_nifti_suv/T_43412_pet.nii.gz	0.001698788139037788	32.96721267700195
data/cropped_nifti_suv/T_43954_pet.nii.gz	0.0	10.20371150970459
data/cropped_nifti_suv/T_44485_pet.nii.gz	0.0	22.796892166137695
data/cropped_nifti_suv/T_44829_pet.nii.gz	0.0	18.30404281616211
data/cropped_nifti_suv/T_45112_pet.nii.gz	5.0047587137669325e-05	26.645000457763672
data/cropped_nifti_suv/T_45686_pet.nii.gz	0.0	9.74018669128418
data/cropped_nifti_suv/T_45753_pet.nii.gz	0.0	20.759809494018555
data/cropped_nifti_suv/T_46507_pet.nii.gz	0.0	8.538804054260254
data/cropped_nifti_suv/T_48388_pet.nii.gz	0.0	4.321776866912842
data/cropped_nifti_suv/T_50183_pet.nii.gz	0.0	16.860876083374023
data/cropped_nifti_suv/T_51110_pet.nii.gz	0.0	8.638359069824219
data/cropped_nifti_suv/T_52440_pet.nii.gz	0.0029725213535130024	9.171433448791504
data/cropped_nifti_suv/T_52986_pet.nii.gz	0.0	38.13461685180664
data/cropped_nifti_suv/T_53582_pet.nii.gz	0.0	23.76681137084961
data/cropped_nifti_suv/T_53915_pet.nii.gz	0.00046510956599377096	47.14818572998047
data/cropped_nifti_suv/T_54173_pet.nii.gz	0.0	38.79325485229492
data/cropped_nifti_suv/T_55797_pet.nii.gz	0.0	19.10088539123535
data/cropped_nifti_suv/T_55852_pet.nii.gz	0.0	69.96709442138672
data/cropped_nifti_suv/T_55935_pet.nii.gz	0.0015757954679429531	14.812477111816406
data/cropped_nifti_suv/T_56253_pet.nii.gz	0.0	59.771419525146484
data/cropped_nifti_suv/T_56420_pet.nii.gz	0.0	13.85353946685791
data/cropped_nifti_suv/T_56919_pet.nii.gz	0.0	8.556697845458984
data/cropped_nifti_suv/T_57485_pet.nii.gz	0.0	113.19737243652344
data/cropped_nifti_suv/T_59741_pet.nii.gz	0.0	25.80653953552246
data/cropped_nifti_suv/T_60216_pet.nii.gz	0.0	6.356827259063721
data/cropped_nifti_suv/T_61040_pet.nii.gz	0.0	18.807085037231445
data/cropped_nifti_suv/T_61097_pet.nii.gz	0.0	49.75035858154297
data/cropped_nifti_suv/T_61428_pet.nii.gz	6.551620754180476e-05	116.53311920166016
data/cropped_nifti_suv/T_61450_pet.nii.gz	0.0	7.356419086456299
data/cropped_nifti_suv/T_61820_pet.nii.gz	0.0	65.70065307617188
data/cropped_nifti_suv/T_62099_pet.nii.gz	0.0	19.164045333862305
data/cropped_nifti_suv/T_62522_pet.nii.gz	0.0	6.3309760093688965
data/cropped_nifti_suv/T_62629_pet.nii.gz	0.0	53.366153717041016
data/cropped_nifti_suv/T_63252_pet.nii.gz	0.0	16.36008644104004
data/cropped_nifti_suv/T_63401_pet.nii.gz	0.00021965712949167937	156.32858276367188
data/cropped_nifti_suv/T_64664_pet.nii.gz	0.0	26.62600326538086
data/cropped_nifti_suv/T_65049_pet.nii.gz	0.0	48.23929977416992
data/cropped_nifti_suv/T_66651_pet.nii.gz	0.0	19.73781967163086
data/cropped_nifti_suv/T_67370_pet.nii.gz	0.001181777217425406	28.54210662841797
data/cropped_nifti_suv/T_67652_pet.nii.gz	0.0	49.83537673950195
data/cropped_nifti_suv/T_68767_pet.nii.gz	0.0	31.785602569580078
data/cropped_nifti_suv/T_69619_pet.nii.gz	0.0	19.873361587524414
data/cropped_nifti_suv/T_69872_pet.nii.gz	0.0	94.62793731689453
data/cropped_nifti_suv/T_70029_pet.nii.gz	0.0008137148688547313	34.671165466308594
data/cropped_nifti_suv/T_70193_pet.nii.gz	0.0	7.128127098083496
data/cropped_nifti_suv/T_70311_pet.nii.gz	0.0112374322488904	11.323691368103027
data/cropped_nifti_suv/T_71212_pet.nii.gz	4.444893420441076e-05	65.98224639892578
data/cropped_nifti_suv/T_71274_pet.nii.gz	0.00043822251609526575	134.7486114501953
data/cropped_nifti_suv/T_71687_pet.nii.gz	0.0	13.194098472595215
data/cropped_nifti_suv/T_72936_pet.nii.gz	0.0	28.07853126525879
data/cropped_nifti_suv/T_73122_pet.nii.gz	0.0	10.650370597839355
data/cropped_nifti_suv/T_73148_pet.nii.gz	0.0	27.69344139099121
data/cropped_nifti_suv/T_73200_pet.nii.gz	0.00524134049192071	13.52132797241211
data/cropped_nifti_suv/T_73383_pet.nii.gz	0.0	32.178184509277344
data/cropped_nifti_suv/T_73503_pet.nii.gz	0.0003250211011618376	11.649734497070312
data/cropped_nifti_suv/T_73742_pet.nii.gz	0.0	15.45617389678955
data/cropped_nifti_suv/T_73964_pet.nii.gz	0.0	77.63368225097656
data/cropped_nifti_suv/T_75117_pet.nii.gz	0.0	86.6058349609375
data/cropped_nifti_suv/T_75341_pet.nii.gz	0.0	11.09538459777832
data/cropped_nifti_suv/T_75877_pet.nii.gz	0.0024371312465518713	60.39211654663086
data/cropped_nifti_suv/T_77344_pet.nii.gz	0.0	29.38774871826172
data/cropped_nifti_suv/T_77949_pet.nii.gz	0.0	8.092767715454102
data/cropped_nifti_suv/T_78057_pet.nii.gz	0.0	83.35981750488281
data/cropped_nifti_suv/T_78628_pet.nii.gz	0.0006262165843509138	15.179828643798828
data/cropped_nifti_suv/T_78762_pet.nii.gz	7.451665442204103e-05	34.46957015991211
data/cropped_nifti_suv/T_78764_pet.nii.gz	0.0036871538031846285	59.69202423095703
data/cropped_nifti_suv/T_78867_pet.nii.gz	0.0	10.295065879821777
data/cropped_nifti_suv/T_78924_pet.nii.gz	0.0	7.298591136932373
data/cropped_nifti_suv/T_79244_pet.nii.gz	0.009468697011470795	7.469223499298096
data/cropped_nifti_suv/T_79624_pet.nii.gz	0.0	62.48651885986328
data/cropped_nifti_suv/T_81815_pet.nii.gz	0.0	5.631478786468506
data/cropped_nifti_suv/T_82179_pet.nii.gz	0.0	31.553213119506836
data/cropped_nifti_suv/T_82570_pet.nii.gz	0.011646844446659088	83.30342102050781
data/cropped_nifti_suv/T_82650_pet.nii.gz	6.913577090017498e-05	6.400967597961426
data/cropped_nifti_suv/T_83297_pet.nii.gz	0.002780502662062645	7.111135005950928
data/cropped_nifti_suv/T_83804_pet.nii.gz	0.0	53.43331527709961
data/cropped_nifti_suv/T_83848_pet.nii.gz	0.0013808980584144592	19.172039031982422
data/cropped_nifti_suv/T_83904_pet.nii.gz	0.0	21.912267684936523
data/cropped_nifti_suv/T_84574_pet.nii.gz	0.0033178338780999184	8.035794258117676
data/cropped_nifti_suv/T_85899_pet.nii.gz	0.0	6.018298149108887
data/cropped_nifti_suv/T_86015_pet.nii.gz	0.002972414018586278	14.60049819946289
data/cropped_nifti_suv/T_86271_pet.nii.gz	0.0	11.552483558654785
data/cropped_nifti_suv/T_86404_pet.nii.gz	0.0	15.619841575622559
data/cropped_nifti_suv/T_86419_pet.nii.gz	0.0	24.854745864868164
data/cropped_nifti_suv/T_86649_pet.nii.gz	0.0	111.41970825195312
data/cropped_nifti_suv/T_88000_pet.nii.gz	0.0	9.922839164733887
data/cropped_nifti_suv/T_88112_pet.nii.gz	0.0	71.16754913330078
data/cropped_nifti_suv/T_88509_pet.nii.gz	0.0	63.23746109008789
data/cropped_nifti_suv/T_88700_pet.nii.gz	0.0	40.663612365722656
data/cropped_nifti_suv/T_89795_pet.nii.gz	0.0	13.506461143493652
data/cropped_nifti_suv/T_90149_pet.nii.gz	0.000276208040304482	10.523225784301758
data/cropped_nifti_suv/T_90251_pet.nii.gz	0.0	15.651866912841797
data/cropped_nifti_suv/T_91579_pet.nii.gz	0.0	15.300227165222168
data/cropped_nifti_suv/T_93136_pet.nii.gz	0.0	32.08134460449219
data/cropped_nifti_suv/T_93181_pet.nii.gz	0.0	32.118621826171875
data/cropped_nifti_suv/T_94201_pet.nii.gz	0.0	20.815921783447266
data/cropped_nifti_suv/T_95726_pet.nii.gz	0.0	35.38788986206055
data/cropped_nifti_suv/T_96039_pet.nii.gz	0.015069229528307915	12.332656860351562
data/cropped_nifti_suv/T_96626_pet.nii.gz	0.0	11.318742752075195
data/cropped_nifti_suv/T_97180_pet.nii.gz	0.0	13.364277839660645
data/cropped_nifti_suv/T_97331_pet.nii.gz	0.0	7.008310794830322
data/cropped_nifti_suv/T_97427_pet.nii.gz	0.0	14.950492858886719
data/cropped_nifti_suv/T_98633_pet.nii.gz	0.0	37.6573371887207
data/cropped_nifti_suv/T_98838_pet.nii.gz	0.0	28.97508430480957
data/cropped_nifti_suv/T_98976_pet.nii.gz	0.034417372196912766	16.521902084350586
data/cropped_nifti_suv/T_98987_pet.nii.gz	0.0	49.43950271606445
data/cropped_nifti_suv/T_99226_pet.nii.gz	0.0	22.282604217529297
data/cropped_nifti_suv/T_99352_pet.nii.gz	0.02775990217924118	26.899343490600586
data/cropped_nifti_suv/T_99451_pet.nii.gz	0.0	9.246719360351562
